bolt_neve,termek_neve,akcio_idotartama,leiras,eredeti_ar,kedvezmenyes_ar,kartyas_e,kartya_tipus,kategoria,kategoria_kod,hierarchiaszint,egyedi_hash
Auchan,JÉGSALÁTA,2026.04.23 - 04.29,"Ft/db, származási hely: Magyarország",699,449,False,,Salátafélék,4,3,873be5c65807895f78861cfbdef1b40a826493309555857c0c6cf3c4fd6a4173
ALDI,ÚJBURGONYA,2026.04.27 - 04.29,500 g/csomag | 1 198 Ft/kg | 730267,999,599,False,,Burgonya,66,3,3b8eca925905526a62ef77d9b6ce6f68045c87edeaeae145c893a5f0d5fb289b
Tesco,Magyar csemegehagyma,2026.04.23 - 04.29,csomós,349,249,False,,Hagyma,67,3,23891057ecc698a1680492a50437bf96fd4955f5e809d3ea7f6a296560f4a9af
Auchan,"Bonduelle BONDUELLE GYORSFAGYASZTOTT BROKKOLI, ZSENGE ZÖLDBORSÓ VAGY ROYAL ZÖLDSÉGKEVERÉK",2026.04.23 - 04.29,"1000 g, 1749 Ft/kg Bizalomkártyával: 1399 Ft/kg",1749,1399,True,Bizalomkártyával,Mirelit zöldség,12,3,b935911c592099aaf4609629dd758bc614cb44ca28cd15250e91e848f47b0597
SPAR,Sprint Natura zöldborsó,2026.04.23 - 04.29,"gyorsfagyasztott 450 g (1.108,89 Ft/1 kg)",699,499,False,,Mirelit zöldség,12,3,1ffc8856249f98982e7f7159ab173b0bded7b62478ad2b1de0aaebb594c86e1a
ALDI,ALL SEASONS HASÁBBURGONYA,2026.04.27 - 04.29,sütőben süthető | 1 kg/csomag | 549 Ft/kg | 852863 | vegán,749,549,False,,Mirelit zöldség,12,3,bf3cd55cbd8c150458db919d65c4d00f303cbeadee998ea043f0d5cc7c889887
Auchan,Auchan AUCHAN KEDVENC GYORSFAGYASZTOTT KLASSZIKUS HASÁBBURGONYA,2026.04.23 - 04.29,1 kg,799,649,False,,Mirelit zöldség,12,3,676354949b5fc152a32d95c59a37aa08cc143b8d64addf895ec1f6ac9473ef01
Tesco,"Iglo gyorsfagyasztott, krémes parajpüré",2026.04.23 - 04.29,"450 g, 2153 Ft/1 kg | 1553 Ft/1 kg",969,699,False,,Mirelit zöldség,12,3,fa3208f51e59f9d88b5706ba13a4f70e400388a289e7582d44682c2362126d61
Tesco,FRoSTA gyorsfagyasztott serpenyős zöldségek,2026.04.23 - 04.29,"mexikói stílusban 400 g, 2 498 Ft/1 kg 1998 Ft/1 kg",999,799,False,,Mirelit zöldség,12,3,55e37b2e0144d9d9b89057d6cf96943a33e3d6c80cdcaf8342197547e5301720
Auchan,Bovita BOVITA FAGYASZTOTT ÉDESBURGONYA HASÁB,2026.04.23 - 04.29,"500 g, 2678 Ft/kg, 1998 Ft/kg",1339,999,False,,Mirelit zöldség,12,3,d19b80340a854acdde3344791b7461f35e07eaf1a7ef3bb2b419839bc33c276c
ALDI,PETREZSELYEMZÖLD,2026.04.27 - 04.29,100 g/csomag | 2 990 Ft/kg | 741327,499,299,False,,Fűszernövények,177,3,d8072c6a8e6a6e3739e4b16921bc9f69f97348097683683aaf7b4f538941821b
SPAR,Cukkini,2026.04.23 - 04.29,1 kg,1199,699,True,Supershop kártyával,Tökfélék,274,3,106ab16f1918902b4c5871f7270caf21419079d7b7a8c61b22404685b1b89638
SPAR,SPAR csemegeuborka,2026.04.23 - 04.29,"6-9 cm-es töltőtömeg: 360 g (1.941,67 Ft/1 kg)",699,599,True,Supershop kártyával,Tökfélék,274,3,1942cad601ce98963afb7591de53210db9aa8989d3578993214ba18069329227
Lidl,Kígyóuborka,2026.04.27 - 04.29,"1 db vásárlása esetén: 299 Ft/db | Legalább 2 db vásárlása esetén, minden második termék ára: 139 Ft/db | /db | 82231",299,139,False,,Tökfélék,274,3,8b229333aa83c80f33de57df2ad09da791df914b6cbacd5f4943c1697ac6e9d1
Tesco,Kígyóuborka,2026.04.23 - 04.29,,499,195,False,,Tökfélék,274,3,af0216b97d39a0bc9c8c842671bf4aad9647cc396d24498020ea4761f6910864
ALDI,KÍGYÓUBORKA,2026.04.27 - 04.29,/darab | 249 Ft/db | 854169,499,249,False,,Tökfélék,274,3,1b3ddeaa7bd623623f94805c2502a1272cc0ad10528c22fd294945ae2c334639
SPAR,Eisberg Bolero Mix salátakeverék,2026.04.23 - 04.29,"csomagolt 140 g (4.492,85 Ft/1 kg)",629,479,True,Supershop kártyával,Egyéb zöldség,277,3,cfcd8c912e214db861b0f0001be87d1a20c2b1f27ca8003c1a5f797d52358b90
Lidl,Rukkola,2026.04.27 - 04.29,125 g / csomag; 1 kg = 3 192 Ft | 82135,549,399,True,Lidl Plus alkalmazással,Egyéb zöldség,277,3,e342dc71d0642b937544ec57ef92b3fdf5cbb8778c0d6d87c2a87c7427f73c26
ALDI,GÁLA ALMA,2026.04.27 - 04.29,/kg | 399 Ft/kg | 731262,558,399,False,,Almafélék,64,3,9f0f1d18284617f5bf5445c8296a4c32cd638fa74587d8a39141cd1865430bfd
Auchan,AUCHAN KEDVENC MÁLNA,2026.04.23 - 04.29,"125 g, 9592 Ft/kg, 4632 Ft/kg",1199,579,False,,Bogyós gyümölcsök,65,3,b9d515c8a799e5dffb1aca68071425596376361244310997fa187f2c16a1eca9
ALDI,MÁLNA,2026.04.27 - 04.29,125 g/csomag | 5 592 Ft/kg | 712485,1199,699,False,,Bogyós gyümölcsök,65,3,0b9d50702de7fa7d8786657b6d391510caf0c5975e26c2a748246182f682957d
Tesco,Tesco eper,2026.04.23 - 04.29,"500 g, 1398 Ft/1 kg",1999,699,False,,Bogyós gyümölcsök,65,3,308bb0ac3ee12090d82708f9afbdf3192e00a97aa4046fa65509e4711950c981
Lidl,Avokádó,2026.04.27 - 04.29,"1 db vásárlása esetén: 599 Ft/db | Legalább 2 db vásárlása esetén, minden második termék ára: 199 Ft/db | /db | 80616",599,199,False,,Egzotikus gyümölcs,186,3,1982a4a745127bab318f660052829b4b37126218f317ef490fb22e85834d699c
Tesco,Tesco finest avokádó,2026.04.23 - 04.29,,699,399,False,,Egzotikus gyümölcs,186,3,69fc21aa38dc373b45ad9730943cce1a3ee81cca1d492dd7d9fc3ac49cb4c8cb
Auchan,"Bonduelle BONDUELLE GYORSFAGYASZTOTT BROKKOLI, ZSENGE ZÖLDBORSÓ VAGY ROYAL ZÖLDSÉGKEVERÉK",2026.04.23 - 04.29,"1000 g, 1749 Ft/kg Bizalomkártyával: 1399 Ft/kg",1749,1399,True,Bizalomkártyával,Mirelit gyümölcs,11,3,07614c81a6fd9ea7f25665fb95cda32036a627bc8d8d260f4f0546cd33ed2d22
Tesco,Tesco tölcséres jégkrém,2026.04.23 - 04.29,"többféle, 120 ml | 2242 Ft/1 l | Clubcarddal: | 1242 Ft/1 l",269,149,True,Clubcarddal,Mirelit gyümölcs,11,3,fa5ad89ccc89ba8f46cab04f596cfbab5e9ad47179e7d4512af18398c4432225
Lidl,BON GELATI Amerikai stílusú jégkrém,2026.04.23 - 04.29,New York sajttorta / brownie | 900 ml; 1 l = 1710 Ft | 206710,2199,1539,True,Lidl Plus alkalmazással,Mirelit gyümölcs,11,3,0c7295584cc15a6e6913bcc2a6d9865486ed6b5e895ecc9b3eb4262f70684b9e
Tesco,Ripp-Ropp bundásmackó,2026.04.23 - 04.29,1 kg,2289,1799,True,Clubcarddal,Mirelit gyümölcs,11,3,e162e22e578e35e16b7559af69fd213ee7a81a47f5ccdda5ea39df567bc288e8
Tesco,Carte dOr Classic jégkrém,2026.04.23 - 04.29,"többféle, 1 l",2399,1799,True,Clubcarddal,Mirelit gyümölcs,11,3,15105f4e8b5dce1ed69649266fe725a0a0b49706910599b3ebe00df8a2b1c387
Tesco,Pizza Doro Contadina pizza,2026.04.23 - 04.29,400 g | 4073 Ft/1 kg | Clubcarddal: 3098 Ft/1 kg,1629,1239,True,Clubcarddal,Mirelit gyümölcs,11,3,f7b3bd07a74b87f7c51f9f54def73af5071a578bd7cc9e58aa0a481e3ffd1cf5
Tesco,Carte DOr jégkrém,2026.04.23 - 04.29,"többféle, 200 ml | 4495 Ft/1 l | Clubcarddal: 3345 Ft/1 l",899,669,True,Clubcarddal,Mirelit gyümölcs,11,3,5ceb85ec9ebecdc6d28c39ad569eaa03881c5b9e42f54cad83d906432622231c
Tesco,Tesco Stracciatella Crunch dobozos jégkrém*,2026.04.23 - 04.29,460 ml | 3628 Ft/1 l | Clubcarddal: 2172 Ft/1 l,1669,999,True,Clubcarddal,Mirelit gyümölcs,11,3,56dfe3405c57060ba1a8171ec21b3242b60b3327857debcbfab384f2f7223c30
Tesco,Magnum jégkrém multipack,2026.04.23 - 04.29,3x90 ml/cs | 9367 Ft/1 l | Clubcarddal: 7404 Ft/1 l,2529,1999,True,Clubcarddal,Mirelit gyümölcs,11,3,a358b5d0f057205e9689964a214896c52ce878fc89407181dda939b60558309d
Lidl,GELATELLI Pálcikás jégkrém,2026.04.23 - 04.29,Fehér csokoládé - mandula | 120 ml; 1 l = 2492 Ft | 137327,449,299,False,,Mirelit gyümölcs,11,3,3f18e9f2ff2ec44566aa2e5572f1a5c730fe2ff21e935914e027364434bda593
SPAR,SPAR nudli,2026.04.23 - 04.29,gyorsfagyasztott 500 g (798 Ft/1 kg),699,399,False,,Mirelit gyümölcs,11,3,6e53277499695e589880082988ea697319a361c8fafae400a9cadcb852877cd9
SPAR,Sprint Natura zöldborsó,2026.04.23 - 04.29,"gyorsfagyasztott 450 g (1.108,89 Ft/1 kg)",699,499,False,,Mirelit gyümölcs,11,3,e06b0f422bad43106531b18e7d42412090b6800a0bfb999b4708b87d1f11511b
ALDI,ALL SEASONS HASÁBBURGONYA,2026.04.27 - 04.29,sütőben süthető | 1 kg/csomag | 549 Ft/kg | 852863 | vegán,749,549,False,,Mirelit gyümölcs,11,3,50e2ea12e05c87bdbb377c424ce354ed4766e869790bae6ec52c3180a638e738
Auchan,Auchan AUCHAN KEDVENC GYORSFAGYASZTOTT KLASSZIKUS HASÁBBURGONYA,2026.04.23 - 04.29,1 kg,799,649,False,,Mirelit gyümölcs,11,3,fb4e4b938ddc26ff82f5110fb26e765ab221ecea8e939198e4c873b1a14c39f0
Tesco,"Iglo gyorsfagyasztott, krémes parajpüré",2026.04.23 - 04.29,"450 g, 2153 Ft/1 kg | 1553 Ft/1 kg",969,699,False,,Mirelit gyümölcs,11,3,626fab4e154ed97937de2f4d20e047a8e3925acc9c69e4c088d2623399def486
Tesco,FRoSTA gyorsfagyasztott serpenyős zöldségek,2026.04.23 - 04.29,"mexikói stílusban 400 g, 2 498 Ft/1 kg 1998 Ft/1 kg",999,799,False,,Mirelit gyümölcs,11,3,ef7d21aafedb7a2f7b17b45a29a5fd8bbd3338efa1b49db3bc1823482582e8a1
Auchan,Bovita BOVITA FAGYASZTOTT ÉDESBURGONYA HASÁB,2026.04.23 - 04.29,"500 g, 2678 Ft/kg, 1998 Ft/kg",1339,999,False,,Mirelit gyümölcs,11,3,f009ffa928dcc6f07a8de78c6ac02dd6583c8807c2f532216447eabaf165fed9
Auchan,Buitoni BUITONI PICCOLINIS MINI PIZZA,2026.04.23 - 04.29,"többféle, 270 g, 5181 Ft/kg, 4404 Ft/kg",1399,1189,False,,Mirelit gyümölcs,11,3,793fcd9ca88d6b28f3a3e4cb2bcb8c793ab9405fcd6721dd11bea6f8a3babd9d
SPAR,Dr. Oetker Feliciana pizza,2026.04.23 - 04.29,"gyorsfagyasztott 320 g (3.746,88 Ft/1 kg) 325 g (3.689,23 Ft/1 kg)",1599,1199,False,,Mirelit gyümölcs,11,3,b94e3f02f62cffdfc798ac172de7054514c4b23f3a9324ab66f33648dd9fba43
Lidl,GELATELLI Tölcséres jégkrém,2026.04.23 - 04.29,Kávé / mandula | 720 ml; 1 l = 1666 Ft | 6010586,1699,1199,False,,Mirelit gyümölcs,11,3,20e097ebebd397cf7487f6d7525809f16949bf6fd9a3469e62a691f38bfecbfe
Auchan,Auchan AUCHAN KEDVENC CSALÁDI JÉGKRÉM,2026.04.23 - 04.29,"Ft/db, többféle, 473,5/490,5/500/663/665 g, 4644/4483/4398/3317/3307 Ft/kg, 3166/3056/2998/2261/2254 Ft/kg",2199,1499,False,,Mirelit gyümölcs,11,3,b14a8d7f04c514f9de8f92b24eef571419f100030fefde919ddf34564d73745c
ALDI,PIZZAH KÖVÖN SÜTÖTT PIZZA,2026.04.27 - 04.29,"szalámis | 3 x 350 g/doboz | 1 618,10 Ft/kg | 832599",2499,1699,False,,Mirelit gyümölcs,11,3,11207af457d1d48bbb28c93349d4c0e23cede4efe05407c3ba73a0bcf2151cf4
SPAR,Living Foods növényi húshelyettesítő,2026.04.23 - 04.29,"gyorsfagyasztott 400 g (6.497,50 Ft/1 kg)",3299,2599,False,,Mirelit gyümölcs,11,3,82acfd5ac3d7885ecdc1d1ebe05021b3e68494b6b64321f25b2889d8381d4422
Tesco,Tesco sertés-marha hamburgerpogácsa,2026.04.23 - 04.29,"440 g, 3180 Ft/1 kg",1499,1399,False,,Marhahús,16,2,da4588998d691427a7ff857f42a29fbf2442ce36050d58736c55aef381187d29
Tesco,Csíkozott friss marhapacal,2026.04.23 - 04.29,"900 g, 2443 Ft/1 kg",2699,2199,False,,Marhahús,16,2,16650d05033a945540b63f26339b1feb89401cf1b788a568e670acf5d87f42b1
SPAR,Royal csirkecomb aszpikban,2026.04.23 - 04.29,a kiszolgálópultban (5.290 Ft/1 kg),529,399,True,Supershop kártyával,Csirkehús,17,2,e0a514a5313663c0ba09a516e0f45b7fcc789173f609f4583a4eb836b4535a52
Tesco,Friss magyar csirkecomb farrésszel,2026.04.23 - 04.29,húspultban kapható,702,649,False,,Csirkehús,17,2,02b76eb70d3feeeb0e33a6a0ccf7d1a315d376ae3404fb3d1bea3948b7bb441b
Tesco,Friss magyar csirkemellfilé,2026.04.23 - 04.29,"500 g, 2098 Ft/1 kg",1151,1049,False,,Csirkehús,17,2,dbb7befcf8a40aaa2d389ad8856fda1bd8aedb5247a91202dee5cc1078646ec4
Tesco,Grill Master csirkemell,2026.04.23 - 04.29,"többféle, 800 g, 3 311 Ft/1 kg, 3124 Ft/1 kg",2649,2499,False,,Csirkehús,17,2,bf42b8358b05bd4beb39d8adf549240a06aaefe52b5f24fdef96b3873cd308b7
SPAR,Darált pulykacombhús,2026.04.23 - 04.29,csomagolt 500 g (2.198 Ft/1 kg),1099,999,True,Supershop kártyával,Pulykahús,18,2,2c01173c95f25c21928acc86dce5af41767a5718a26df365b76d4c946144eb1f
Lidl,PIKOK Sertéskaraj,2026.04.27 - 04.29,100 g; 1 kg = 3390 Ft,379,339,False,,Sertéshús,30,2,9582441da188f08954ef46ec22ee2f3407baf44cd13813fb772a47aceac11b63
SPAR,S-BUDGET karaj,2026.04.23 - 04.29,a kiszolgálópultban (3.990 Ft/1 kg),499,399,False,,Sertéshús,30,2,4704d802941391ae3a59504d3762881ae7981f1dd2c3a2c61205af27ec9dc732
SPAR,Bogádi nyelves disznósajt,2026.04.23 - 04.29,a kiszolgálópultban (3.990 Ft/1 kg),499,399,False,,Sertéshús,30,2,68cc30610818c1915e904ba4b1bc043b4c0348718a16708a4e904ea6074384fd
SPAR,Regnum sertéscomb szeletek,2026.04.23 - 04.29,"szeletelt, csomagolt 200 g (4.495 Ft/1 kg)",1199,899,False,,Sertéshús,30,2,2a3b9bb82701e0333bc61f42e43cc1df211e553cea743fbc82bf566a8ce04079
Lidl,HÚSFARM Friss sertés gulyáshús,2026.04.27 - 04.29,Lapockából | 500 g; 1 kg = 1 798 Ft | 1935,1099,899,False,,Sertéshús,30,2,73d62e1642daff598ec6a6da9067b390c06b70a33a7201ce6cf8b1af56a10791
Tesco,Friss sertéslapocka,2026.04.23 - 04.29,"húspultban kapható | A termék a következő áruházainkban nem kapható: | Budapest: Soroksári út, | vidék: Gyula.",1729,1195,False,,Sertéshús,30,2,f1df4dc6feefc45eb9231bd1402ed48070c331a5f0509d40b0e0f08fb7d1baf8
Tesco,Friss sertéscsülök,2026.04.23 - 04.29,"csont nélkül, húspultban kapható",1999,1599,False,,Sertéshús,30,2,6bbcc1afb7e168a4694d3bf308d4513734b8cb5d4237aa9c15c8c380f371ca42
Auchan,VEGYES PONTYSZELET,2026.04.23 - 04.29,"Ft/kg, halpultban vagy csomagoltan kapható, Cyprinus Carpio, származási hely: Magyarország",4499,3199,True,Bizalomkártyával,Halak és tenger gyümölcsei,60,2,7c5fcfdb91ea2ab605763f5e066a960e990c93cbf707e3003c58af0241aed769
Auchan,Classic CLASSIC HIDEGEN FÜSTÖLT CSENDES-ÓCEÁNI VADLAZAC,2026.04.23 - 04.29,"szeletelt, 100 g, 21390 Ft/kg | Bizalomkártyával: | 16040 Ft/kg",2139,1604,True,Bizalomkártyával,Halak és tenger gyümölcsei,60,2,d54ea2743907a5bb3a2a3cca64dd40e6e1b52cc2361b868e4f1a494b26c301fc
SPAR,Norvég lazacfilé,2026.04.23 - 04.29,csomagolt 4×125 g (9.398 Ft/1 kg),4699,3999,True,Supershop kártyával,Halak és tenger gyümölcsei,60,2,2c30c923a7bbfcef3f7726bd3e5f689f40fabefda04c12a7ca276106ceb4749b
Tesco,SeaFood Hungary főtt garnéla rák*,2026.04.23 - 04.29,"csomagolt, különböző kiszerelésben kapható 6499 Ft/1 kg",689,650,False,,Halak és tenger gyümölcsei,60,2,2da3edaff9d7b75c7967e3cf2dcaf68dc23d291e1392442578e667535ee7cfa1
Tesco,SeaFood Hungary norvég lazacfilé,2026.04.23 - 04.29,"csomagolt, különböző kiszerelésben kapható 6999 Ft/1 kg",799,700,False,,Halak és tenger gyümölcsei,60,2,eed901a2e12a8261124ae00b99d976e7db4d68a7ec05bbd85d18ad8b1c824e8f
SPAR,Classic füstölt lazacfilé,2026.04.23 - 04.29,csomagolt 100 g (19.790 Ft/1 kg),2199,1979,False,,Halak és tenger gyümölcsei,60,2,9bbd2b985ec39b847e82609f7dc3406a76f9477cf7d5f5dcaae244c1b8e9cab1
Tesco,Gran Mare GRAN MARE ALASZKAI TŐKEHALFILÉ,2026.04.23 - 04.28,"gyorsfagyasztott 475 g, 1682 Ft/kg",1239,799,False,,Halak és tenger gyümölcsei,168,2,f34d08c502342a1639c208b6c44291080e4bfa2c158266345c15f4865d1109e9
Tesco,Ripp-Ropp bundásmackó,2026.04.23 - 04.29,1 kg,2289,1799,True,Clubcarddal,Egyéb hús,13,2,18b775fdc7e88b8709d3ac6a4a94d7e326e67e1f0fbb73ca90a01a40876f6b3f
SPAR,Living Foods növényi húshelyettesítő,2026.04.23 - 04.29,"gyorsfagyasztott 400 g (6.497,50 Ft/1 kg)",3299,2599,False,,Egyéb hús,13,2,06a702a10563c33376bcb8bac0a0b770ec9f721acf08e2e4f5f4938a9f4ed4d6
Tesco,Kaiser mix grillkolbász,2026.04.23 - 04.29,210 g,999,899,True,Clubcarddal,Egyéb hús,145,2,7f95599395ecec2f4bceae84cead22ba5fa037425e1a6b04c81b60d6e5651582
Auchan,Privát Hús PRIVÁT HÚS GRILLKOLBÁSZ,2026.04.23 - 04.29,"Ft/csomag, többféle, 240 g, 4163 Ft/kg, 2913 Ft/kg",999,699,False,,Egyéb hús,145,2,0671d1b41c2f9c7e854d5f1e49d59fc797a5760f64a451db819b75ab3fec75c5
Tesco,"Danone Activia Rost mix&go tejalapú készítmény piros gyümölcsös, chia-magos granolával",2026.04.23 - 04.29,"165 g, 3024 Ft/1 kg, Clubcarddal: 2055 Ft/1 kg",499,339,True,Clubcarddal,Joghurt és kefír,38,2,7b480eaff417cce1cd5ef2c9f312b2ad22cd3905cdf781c750529dd485b93f4d
SPAR,Danone Actimel joghurtital,2026.04.23 - 04.29,"4×100 g (2.122,50 Ft/1 kg) 2 db esetén: (1.372,50 Ft/1 kg)",849,549,False,,Joghurt és kefír,38,2,20d4e91f0c6c8fb523b860c40fe28f18da7ad6895259e01a3a5ab6ffc6bdd500
SPAR,Danone Oikos krémjoghurt,2026.04.23 - 04.29,4×125 g (1.398 Ft/1 kg),849,699,False,,Joghurt és kefír,38,2,7ef83d8811fcd88ff21190727843a3a8a8391029fff08781ab6fb6bc82a074aa
Tesco,Arla Apetina feta sajt,2026.04.23 - 04.29,500 g | 4438 Ft/1 kg | Clubcarddal: 3078 Ft/1 kg,2219,1539,True,Clubcarddal,Sajt,39,2,7b6439d7047794efbc2116a93619ff0eec76266bb2a404efd8eb85dcccefa92b
Tesco,Hajdú krémfehér sajt,2026.04.23 - 04.29,400 g | 4498 Ft/1 kg | Clubcarddal: 2998 Ft/1 kg,1799,1199,True,Clubcarddal,Sajt,39,2,7bb773ead48275e9d1f69d89cba201171184363ebbe6b46fcb58c5d3383e985a
Tesco,Hajdú darabolt gouda vagy edami sajt,2026.04.23 - 04.29,500 g | 2998 Ft/1 kg | Clubcarddal: 2398 Ft/1 kg,1499,1199,True,Clubcarddal,Sajt,39,2,96ae753f473ac5ca4dba0bdec620d505387713454b7d8c3f4156bd8f044876df
Tesco,Mizo Anikó sajt,2026.04.23 - 04.29,"csomagolt, különböző kiszerelésben kapható",5890,3499,True,Clubcarddal,Sajt,39,2,7f53e62a27cc6c35cb7ea5bdf336637ed6fd512ca897c95af9be7f2719aeee01
Tesco,"Tihany Friss habosított, laktózmentes szendvicskrém",2026.04.23 - 04.29,"140 g, 5707 Ft/1 kg, Clubcarddal: 4493 Ft/1 kg, laktózmentes",799,629,True,Clubcarddal,Sajt,39,2,4d28f97e9e6d19b7cfd663e04643e04996eb4cfbd7be9007a891ef72d0bb284e
Tesco,Szarvasi grill mozzarella sajt,2026.04.23 - 04.29,"többféle, 150 g, 5327 Ft/1 kg, Clubcarddal: 4593 Ft/1 kg",799,689,True,Clubcarddal,Sajt,39,2,c4442f35b1ed459465cdbc166cc40baa62993bc75b9602a5c36126dd8b639853
Lidl,MILBONA Le Crémeux sajt,2026.04.27 - 04.29,Zsírtartalom: 60% | 200 g; 1 kg = 2 895 Ft,719,579,True,Lidl Plus alkalmazással,Sajt,39,2,dddec27a599b36e3e0f12afd3852913c7eba9ddba523565db8c43ccabf12a5ae
Tesco,Tihany Friss habosított szendvicskrém,2026.04.23 - 04.29,"többféle, 140 g | 5350 Ft/1 kg | Clubcarddal: 3421 Ft/1 kg",749,479,True,Clubcarddal,Sajt,39,2,d77b4ce3555874acffa47b2fa195bc81c71542462626165ab537cbebf22a3823
Tesco,"Lecker ízesített, darabolt gouda sajt*",2026.04.23 - 04.29,"többféle, sajtpultban, változó kiszerelésben kapható | 7990 Ft/1 kg | Clubcarddal: 5990 Ft/1 kg",799,599,True,Clubcarddal,Sajt,39,2,dfd6cfc37a350746836f00136d14c138afaf0e88751cc1273585159cbf5f0466
Tesco,"Galbani Mozzarella Cucina félzsíros, félkemény reszelt mozzarella sajt",2026.04.23 - 04.29,"150 g | 6327 Ft/1 kg | Clubcarddal: 5993 Ft/1 kg | A termék a következő áruházainkban nem kapható: Gyula, Hódmezővásárhely, Kiskunfélegyháza, Ózd, Szentes.",949,899,True,Clubcarddal,Sajt,39,2,04d38d4b6cb90dfdbdae8cf331aede172e195489b62fe4bbfa749e2b2dfde2b8
SPAR,Cheeseland edami és gouda sajt,2026.04.23 - 04.29,az önkiszolgálópultban (1.790 Ft/1 kg),299,179,False,,Sajt,39,2,6c5f062f4cf883f5946ab1b9d819c5498547f174eb15d3635df89e5e45c879b1
ALDI,MILSANI CAMEMBERT SAJT,2026.04.27 - 04.29,125 g/darab | 3 032 Ft/kg | 806300 | laktózmentes,465,379,False,,Sajt,39,2,67e0608ac59c1a2bc53061f4482a627e6e4c8dad6669be8a2f461421b32b1350
SPAR,Szarvasi szeletelt mozzarella sajt,2026.04.23 - 04.29,csomagolt 100 g (4.990 Ft/1 kg),689,499,False,,Sajt,39,2,4789bd447c001f37a19f1bfd2cb70d697966738683fca05042a94f12c721a58e
Auchan,Hajdú HAJDÚ KÖRÖS SAJTKORONG,2026.04.23 - 04.29,"natúr vagy füst ízű, 250 g, 4396 Ft/kg, 2276 Ft/kg",1099,569,False,,Sajt,39,2,f48be1a66f98325a3e5429ab3bc09d0d87b8a4461dda1fd2bf76b76e047fc0c5
SPAR,SPAR füstölt parenyica sajt,2026.04.23 - 04.29,"190 g (3.415,79 Ft/1 kg)",759,649,False,,Sajt,39,2,2db76fff77e0ddbfa1487da2ad7bcfec3e671b045fbcf96d6181e4de46e92ce9
Lidl,MILBONA Grana padano olasz sajt,2026.04.27 - 04.29,16 hónapig érlelt | Zsírtartalom: min 32% | 200 g; 1 kg = 6 495 Ft,1785,1299,False,,Sajt,39,2,6161997c6d0c1f77d11db772234f19b3deb9f73766d9e188f72fd06853084daf
Lidl,HAZÁNK KINCSEI Körözött,2026.04.27 - 04.29,Metélőhagymás / magyaros / csípős | 150 g; 1 kg = 2 127 Ft,469,319,True,Lidl Plus alkalmazással,Vaj/vajkrém/margarin,40,2,f33b3ae2a4cf8b454b001c2b11c89502063523622129844bf1e09826da695764
Tesco,Rama növényi vajalternatíva,2026.04.23 - 04.29,"200 g, 3 210 Ft/1 kg, 2475 Ft/1 kg, vegán",642,495,False,,Vaj/vajkrém/margarin,40,2,68bec67b73ba39fd7e73f889d21487d3d9e5b70713377397d615ff5d7948c16e
SPAR,Lurpak vajkészítmény,2026.04.23 - 04.29,200 g (6.245 Ft/1 kg),1849,1249,False,,Vaj/vajkrém/margarin,40,2,a96e641e52e6a33905ea2d844a7d850f115d7ef16892d81aaf5a99bd54ac78e2
Tesco,Müllermilch tejital,2026.04.23 - 04.29,"többféle, 400 g | 1238 Ft/1 kg | Clubcarddal: 898 Ft/1 kg",495,359,True,Clubcarddal,Tej és tejalapú ital,62,2,cd9149364c3abc73552067c3b8b620439e4b70d5863e2cd018fd34562bd4c738
Tesco,Kuntej Kunsági dobozos ESL tej,2026.04.23 - 04.29,"2,8%, 1 l",329,279,False,,Tej és tejalapú ital,62,2,cc5b80f96a89ddade09347be5dff9cf7010e81b1686ae4854576e994312913d8
SPAR,Tolle UHT tej,2026.04.23 - 04.29,"1,5%-os zsírtartalom 1 l",409,299,False,,Tej és tejalapú ital,62,2,8b7fd0fe5ac54db2070e97b273140ec06254d707e8654f79242396934d35d93f
SPAR,SPAR HAZAI.SZERETEM ESL tej,2026.04.23 - 04.29,"2,8%-os zsírtartalom 1 l",399,349,False,,Tej és tejalapú ital,62,2,dc5f77eed5f06c984aa80658bd73fe8d6eb850787eb686075f0543e390c6d7c3
Tesco,Nádudvari puding,2026.04.23 - 04.29,"többféle, 150 g | 1993 Ft/1 kg | Clubcarddal: 1593 Ft/1 kg",299,239,True,Clubcarddal,Tejdesszert,131,2,59b3a93d5e199a1ff8f5482897e1a9b961498370f9297deba1b1ad48399f3dc4
Tesco,Zott Cremore Duo puding,2026.04.23 - 04.29,"többféle, 190 g | 2100 Ft/1 kg | Clubcarddal: 1574 Ft/1 kg",399,299,True,Clubcarddal,Tejdesszert,131,2,20694f4e05458b9f02b7e0066740e0a63130e786f795eb4212df3f07925b8464
Tesco,Mizo Túró Rudi duo multipack tejcsokival,2026.04.23 - 04.29,5x2x15 g/cs | 5993 Ft/1 kg | Clubcarddal: 4660 Ft/1 kg,899,699,True,Clubcarddal,Tejdesszert,131,2,869d79537c7d42ad0742e49eca34cbfa96bb92890b0bb024ef01f359b28bb907
Tesco,Stay Strong puding,2026.04.23 - 04.29,"többféle, 200 g, 2745 Ft/1 kg, Clubcarddal: 1995 Ft/1 kg, magas fehérjetartalmú, hozzáadott cukrot nem tartalmaz",549,399,True,Clubcarddal,Tejdesszert,131,2,337957d3d828f299807de36dba7bec43184695f44c1a9f0765787a26c62871e2
Tesco,Pöttyös Óriás laktózmentes Túró Rudi multipack,2026.04.23 - 04.29,"6x51 g/cs, 6206 Ft/1 kg, Clubcarddal: 4245 Ft/1 kg, laktózmentes",1899,1299,True,Clubcarddal,Tejdesszert,131,2,5484a453639c023576442c26211e7c9200012a6616bed846dad099efe70e1f26
Lidl,PILOS Puding tejszínhabbal,2026.04.27 - 04.29,"Csokoládé / vanília | 1 db vásárlása esetén: 185 Ft/db; 1 kg = 925 Ft | Legalább 2 db vásárlása esetén, minden második termék ára: 89 Ft/db; 1 kg = 445 Ft | 200 g",185,89,True,Lidl Plus alkalmazással,Tejdesszert,131,2,8edc4ddd95c2f3c732743a66058460c1d0a6f7ee10bf7c15b38eef972b84b123
SPAR,Pöttyös proteines Túró Rudi,2026.04.23 - 04.29,"51 g (6.450,98 Ft/1 kg)",399,329,False,,Tejdesszert,131,2,db70f53cda38e2c31aac58bb1fb8365a0edba170f3eb8b6f4f230aa31484cd35
SPAR,Mizo tejföl,2026.04.23 - 04.29,"20%-os zsírtartalom 330 g (1.209,09 Ft/1 kg)",449,399,False,,Tejszín/tejhab/tejföl,167,2,e43f9ff385e6bea7ceb63f2192375d3000269d2cd1e2b3fa938773db71e82fc1
ALDI,MILSANI TEJSZÍNHAB-SPRAY,2026.04.27 - 04.29,klasszikus 250 ml/flakon 2 156 Ft/l,789,539,False,,Tejszín/tejhab/tejföl,167,2,c32257ddf0502df5415e8fb853ff89186de269a65d7f9223dbbc6a1dba97f2d3
Tesco,MÉLYALMOS TOJÁS,2026.04.27 - 04.28,"mérete: M | 10 db, 53 g/db | 82 Ft/db | 1545 Ft/kg",889,819,False,,Tojás,252,2,ef9432fc88755063357f61fbbd274d712e38697efd9d44344042a353f9571965
Lidl,PILOS Félzsíros tehéntúró,2026.04.27 - 04.29,250 g; 1 kg = 1196 Ft,339,299,False,,Túró,315,2,3d43ded3217fd1e2c8dcf7ab5629b8227524dfa9f67731d36da9cae7bf385a9d
Lidl,KISTELEKI Juhtúró,2026.04.27 - 04.29,125 g; 1 kg = 3 992 Ft,599,499,False,,Túró,315,2,fdb21e58ebca93e9b2bc41438a509a72f71c1a06e181d38b802a93a7ca7e9eb1
ALDI,MILSANI LAKTÓZMENTES TEJFÖL,2026.04.27 - 04.29,"20 % zsírtartalom 330 g/pohár 1 027,27 Ft/kg",379,339,False,,Mentes,317,2,f3b7951effec4f5419e3ed771dc6a0ffbbe1cac08020d521524d2870298dbd1e
Tesco,Merci táblás csokoládé,2026.04.23 - 04.29,"többféle, 112 g, 15170 Ft/1 kg, Clubcarddal: 11598 Ft/1 kg",1699,1299,True,Clubcarddal,Csokoládé,44,2,012ad8f19b575ff4ced99f3a696c814932e34a7b8efb36f8065615d2b2b3ef4b
Tesco,Cerbona Rudi zabrúd,2026.04.23 - 04.29,"többféle, 30 g | 159 Ft/1 db | Clubcarddal: 318 Ft/3 db",159,106,True,Clubcarddal,Csokoládé,44,2,a9c1d6105b605b3f33ed4a450daf078087e94b195fd68a783aec6282836d7647
Tesco,Tesco táblás csokoládé,2026.04.23 - 04.29,"többféle, 100 g | 4790 Ft/1 kg | Clubcarddal: 3590 Ft/1 kg",479,359,True,Clubcarddal,Csokoládé,44,2,7b5058d8b5aff59a40b9a23d61f00a25271a4614efbfd962ca36e1cf42c4a3c1
Auchan,Milka MILKA TÁBLÁS CSOKOLÁDÉ,2026.04.23 - 04.29,"Ft/db, többféle, 250/270/276/300 g, 8956/8293/8112/7463 Ft/kg Bizalomkártyával: 5596/5181/5069/4663 Ft/kg",2239,1399,True,Bizalomkártyával,Csokoládé,44,2,adfc9eb8fe77485f088b729066c281d15645198dee69012ba5e85f74da7d59f5
Tesco,Kinder Joy meglepetéssel,2026.04.23 - 04.29,20 g,499,399,True,Clubcarddal,Csokoládé,44,2,e137455fea52d48cddbae17daeec9f9e5dbef039a3f064ef1124da1e195624d4
Tesco,Tibi táblás csokoládé,2026.04.23 - 04.29,"többféle, 90 g | 6656 Ft/1 kg | Clubcarddal: 4433 Ft/1 kg",599,399,True,Clubcarddal,Csokoládé,44,2,8d025c1cc068e38d1bc204a5a3bba2926f8bd59e06f93a4f3affeb53269b0d83
Tesco,Manner ostya,2026.04.23 - 05.20,"többféle, 400 g | 7098 Ft/1 kg | Clubcarddal: 4748 Ft/1 kg",2839,1899,True,Clubcarddal,Kekszes édesség,46,2,1daaeaa02fd86b6e0d32b8d26c0462496beae1d7f070515b4b5230ed3e67e9e0
Tesco,Moments ostyaszelet,2026.04.23 - 04.29,"többféle, 45 g",249,185,True,Clubcarddal,Kekszes édesség,46,2,1f90d191c74d5a016f450863d11eb2278ea880500f0330d312bc53d00095527e
Tesco,Kinder Crunchy Cookies sütemény,2026.04.23 - 04.29,136 g | 14699 Ft/1 kg | Clubcarddal: | 12493 Ft/1 kg,1999,1699,True,Clubcarddal,Kekszes édesség,46,2,288e73fe32f1878b324e70ff330cbb82e824945abf1580212fca7796dcca654d
SPAR,SPAR friss tojásos gofri,2026.04.23 - 04.29,csomagolt 125 g (3.992 Ft/1 kg),499,399,True,Supershop kártyával,Kekszes édesség,46,2,2ba44c5c70033d9ccca2edbdae3b1b1dcdc2a66d7545e4ccdb3fb7d0e8c69bc8
Tesco,Detki Tere Fere omlós keksz,2026.04.23 - 04.29,"többféle, 180 g | 2383 Ft/1 kg | Clubcarddal: 1494 Ft/1 kg",429,269,True,Clubcarddal,Kekszes édesség,46,2,157e1216a8efa1e1d6ed7c68ba2f5aa726e2f08866501e7414aa812b7d909ad1
Tesco,Tesco piskótatallér,2026.04.23 - 04.29,"többféle, 150 g | 3327 Ft/1 kg | Clubcarddal: 2993 Ft/1 kg",499,449,True,Clubcarddal,Kekszes édesség,46,2,e17c84db303f9203f7be6f29acc0827ec9e4edb56526354fc99eef2e0d0d5b9f
Tesco,Roshen Wafers töltött ostya,2026.04.23 - 04.29,"többféle, 216 g | 3468 Ft/1 kg | Clubcarddal: 3236 Ft/1 kg",749,699,True,Clubcarddal,Kekszes édesség,46,2,b4f16c77ba51893d67897bc46fb398b9f43c65ad66b4c40247667f3df8ccec42
Tesco,Tesco Free From gluténmentes vajíízű keksz,2026.04.23 - 04.29,"55 g, 6709 Ft/1 kg, Clubcarddal: 5436 Ft/1 kg, gluténmentes",369,299,True,Clubcarddal,Kekszes édesség,46,2,7334b6f22377d51ec08ebb92fe3bcaf656520a552a61b9e33a63f5e8dc659532
Tesco,"Detki vaníliás karika cukor hozzáadása nélkül, édesítőszerekkel",2026.04.23 - 04.29,"150 g, 5460 Ft/1 kg, Clubcarddal: 3993 Ft/1 kg, hozzáadott cukrot nem tartalmaz",819,599,True,Clubcarddal,Kekszes édesség,46,2,4fb7278397d38980a3d5430bc29d596d47d3cb530721ddf0d1a15a5b80f56928
Lidl,SONDEY Töltött ostya,2026.04.23 - 04.29,Mogyorós / kakaós | 800 g; 1 kg = 1124 Ft,1299,899,False,,Kekszes édesség,46,2,17e82fce0de4da1d0e4526fd7a1a7836d22909f2618bfc189ac22f7a0daeae20
Tesco,Chiqola praliné,2026.04.23 - 04.29,"többféle, 130 g | 9992 Ft/1 kg | Clubcarddal: | 8454 Ft/1 kg",1299,1099,True,Clubcarddal,Egyéb édesség,140,2,1abdd878d6947686b396a8fdacbf710bec8f9c87efeae2a78538328a880c1feb
Tesco,Heidi Bouquet csokoládé-praliné,2026.04.23 - 04.29,120 g | 14992 Ft/1 kg | Clubcarddal: | 13325 Ft/1 kg,1799,1599,True,Clubcarddal,Egyéb édesség,140,2,0efc356e59e767f64953903f549d4eac545d868614b81c3fe35890a2c8e8daf3
Tesco,Ritter Sport tejcsokoládé válogatás,2026.04.23 - 04.29,"többféle, 176 g | 15335 Ft/1 kg | Clubcarddal: | 12494 Ft/1 kg",2699,2199,True,Clubcarddal,Egyéb édesség,140,2,39149fdeb266dbeb93ed52f247180453c65b1feabd854bfc5a8aeff5c7ec4572
Tesco,Merci Together tejcsokoládé válogatás,2026.04.23 - 04.29,175 g | 14280 Ft/1 kg | Clubcarddal: 13137 Ft/1 kg,2499,2299,True,Clubcarddal,Egyéb édesség,140,2,de1b69edc9f3b61bba7c5d343f95e61597d0cb49d97cf361352a04eaf870163c
Tesco,Merci kókuszos csokoládéválogatás,2026.04.23 - 04.29,250 g | 10996 Ft/1 kg | Clubcarddal: 7596 Ft/1 kg,2749,1899,True,Clubcarddal,Egyéb édesség,140,2,50f4e11d8ef96a9e019d829aa7db715d85b6099951941ad3636da5da9548de2c
Tesco,Merci Lovelies csokoládébonbon,2026.04.23 - 04.29,185 g | 14589 Ft/1 kg | Clubcarddal: | 12968 Ft/1 kg,2699,2399,True,Clubcarddal,Egyéb édesség,140,2,9dcd799abf948e4bdb578089abd53ebacf74e308be330c9ce5a6826146344af1
Tesco,Kayras pisztáciás desszert,2026.04.23 - 04.29,"120 g, 10825 Ft/1 kg, Clubcarddal: 9158 Ft/1 kg",1299,1099,True,Clubcarddal,Egyéb édesség,140,2,03378981c428a6fa2176d2a007dcad0229710dfa559d3926af7eeb8834931d1e
Tesco,Milka praliné,2026.04.23 - 04.29,"többféle, 110 g, 11991 Ft/1 kg, Clubcarddal: 9536 Ft/1 kg",1319,1049,True,Clubcarddal,Egyéb édesség,140,2,26471bfedd031bfea01e8ccc1a59b80343a8f519dfa7b89255c61a793b0e8fbf
Tesco,Raffaello desszert,2026.04.23 - 04.29,"230 g, 8952 Ft/1 kg, Clubcarddal: 6952 Ft/1 kg",2059,1599,True,Clubcarddal,Egyéb édesség,140,2,3e42d1c8180dde49a89bbad10e7089926da8b303efb1e085e48520f5fcb1bae0
Tesco,Celebrations vegyes válogatás,2026.04.23 - 04.29,"196 g, 14179 Ft/1 kg, Clubcarddal: 9434 Ft/1 kg",2779,1849,True,Clubcarddal,Egyéb édesség,140,2,5692a9cb9c16c1cfa06143922f20f82265b01c9ed2f56296eccf2fa97c06b088
Tesco,Ferrero Küsschen fehér csokoládés praliné,2026.04.23 - 04.29,"172 g, 17436 Ft/1 kg, Clubcarddal: 13948 Ft/1 kg",2999,2399,True,Clubcarddal,Egyéb édesség,140,2,680973e13794f3763c7b62becfbbe0d12c18c148ae53ed4688caaaf4c9130d82
Tesco,Ferrero Rocher desszert,2026.04.23 - 04.29,"100 g, 14290 Ft/1 kg, Clubcarddal: 12990 Ft/1 kg",1429,1299,True,Clubcarddal,Egyéb édesség,140,2,a79117071265d8b480b73e44f3964acbe7abd769fbf8c274c8833b2d15aa339e
Auchan,Szamos SZAMOS SZÍVDESSZERT TÖLTÖTT MARCIPÁN VÁLOGATÁS,2026.04.23 - 04.29,"130 g, 23992 Ft/kg Bizalomkártyával: 20762 Ft/kg",3119,2699,True,Bizalomkártyával,Egyéb édesség,140,2,c97cee74be90747c8bdb9835bf2b7c8f6f71aafbc9d0978aadac9bbbeb0a83bd
Auchan,Milka MILKA PRALINÉ,2026.04.23 - 04.29,"többféle, 110 g, 11627 Ft/kg Bizalomkártyával: 9082 Ft/kg",1279,999,True,Bizalomkártyával,Egyéb édesség,140,2,4ec8c97550cb3ed2dfd2d2b47d525121967a3fee9ca43218f0d50a42927b35ad
SPAR,After Eight desszert,2026.04.23 - 04.29,többféle 200 g (9.995 Ft/1 kg),1999,1799,True,Supershop kártyával,Egyéb édesség,140,2,ee577a2768cb62989e461f6629096c73c66e2bdb967911d43957e9a8de469ba7
SPAR,Celebrations,2026.04.23 - 04.29,"196 g (11.729,59 Ft/1 kg)",2299,1999,True,Supershop kártyával,Egyéb édesség,140,2,73a6e46b00b0670ce477bb67e2678d26990fadef485d9529422bac8be6477e39
Tesco,Marlenka golyó,2026.04.23 - 04.29,"többféle, 235 g, 14038 Ft/1 kg, Clubcarddal: 8294 Ft/1 kg",3299,1949,True,Clubcarddal,Sütemény,172,2,3429da749b9737db1a00bbc219bb7b79ec9a2b54a3fd2b463af8502b86f20692
SPAR,"Kata vaníliaízű, habos szelet",2026.04.23 - 04.29,csomagolt 200 g (6.495 Ft/1 kg),1299,999,True,Supershop kártyával,Sütemény,172,2,d0013b4c18b0e14567503f6b3553ebd74d6c713683c3f65e1ac98e176558ff85
Tesco,Benei vegyes kis linzer-isler,2026.04.23 - 04.29,230 g | 6387 Ft/1 kg | Clubcarddal: 4343 Ft/1 kg,1469,999,True,Clubcarddal,Sütemény,172,2,cc060d1ceb67e92c51a7be256a61167c776b36108a082067ce6390d0d35de849
Tesco,Szamos isler feketeribizli-lekvárral,2026.04.23 - 04.29,70 g | 21414 Ft/1 kg | Clubcarddal: 18557 Ft/1 kg | gluténmentes,1499,1299,True,Clubcarddal,Sütemény,172,2,3fda4990e3d6a7a7ee65bee48d01395eceb8df06c4d5ed150f47dc73a6b63362
Tesco,Szamos linzer narancslekvárral,2026.04.23 - 04.29,70 g | 19271 Ft/1 kg | Clubcarddal: 16414 Ft/1 kg | gluténmentes,1349,1149,True,Clubcarddal,Sütemény,172,2,388b0e1e4d7361d7fd2797ac7c5189a496662a613cc882cfa7fdc10121df2257
Auchan,TORNYOS BROWNIE SZELET,2026.04.23 - 04.29,"hozzáadott cukor nélkül, 200 g, 7645 Ft/kg, 4495 Ft/kg",1529,899,False,,Sütemény,172,2,26d701a255effae5d814a2b28c9ce24230b1ee32b17ab1e875c088283a6a24a3
Tesco,Haribo Hearts szív alakú gumicukor,2026.04.23 - 04.29,100 g | 4690 Ft/1 kg | Clubcarddal: 3990 Ft/1 kg,469,399,True,Clubcarddal,Cukorka/gumicukor/rágógumi,318,2,2ee64b87eb353cfed0264be7022c09e213ee70cbb9e4e5c835a7bea1f839bdda
Tesco,Trolli gumicukor,2026.04.23 - 04.29,"többféle, 100 g | 5990 Ft/1 kg | Clubcarddal: 4890 Ft/1 kg",599,489,True,Clubcarddal,Cukorka/gumicukor/rágógumi,318,2,ad79d4cceda5f75e1a4f3db5d69f2e23fb214417d4c64e7e7a7efae9ba8757ca
Tesco,Bens Original főzőtasakos hosszú szemű rizs,2026.04.23 - 04.29,8x125 g/cs,2639,2299,True,Clubcarddal,Rizs/tészta/hüvelyes,47,2,c01608f0961d7f7b6cd7fc36134af0162e3c144ebd185e2f63a3203b3185f9c5
Auchan,Riceland RICELAND HOSSZÚSZEMŰ A MINŐSÉGŰ RIZS,2026.04.23 - 04.29,"1000 g, 949 Ft/kg Bizalomkártyával: 799 Ft/kg",949,799,True,Bizalomkártyával,Rizs/tészta/hüvelyes,47,2,00e45b00556fe7d28f6dec929097de3ab8e85741402a9b63d79195cee89d6049
SPAR,S-BUDGET A minőségű rizs,2026.04.23 - 04.29,1 kg,605,519,False,,Rizs/tészta/hüvelyes,47,2,46eec2ff7b78944789453dd60bda6ed9a8cf08e3e4e278c12695230359cc1e2e
Auchan,Gyermelyi GYERMELYI 4 TOJÁSOS SZÁRAZTÉSZTA,2026.04.23 - 04.29,"fodros kocka, makaróni, orsó, kagyló vagy csavartcső, 500 g, 1698 Ft/kg, 1178 Ft/kg",849,589,False,,Rizs/tészta/hüvelyes,47,2,e06f29ebdb482e6314f7c55dc8a50946c064214b2fda1554c88e5e98b6998c5a
Tesco,Cornexi zabkása,2026.04.23 - 04.29,"többféle, 55 g | 265 Ft/1 db, 4818 Ft/1 kg | Clubcarddal: | 437 Ft/2 db, 3982 Ft/1 kg",265,219,True,Clubcarddal,Müzli és gabonapehely,50,2,33e9a77210d11049c36f760eb648f6263d44c3127b7f8a0e27503bd6930e22fe
Tesco,White Snack gluténmentes kukoricapehely,2026.04.23 - 04.29,"többféle, 70 g | 3843 Ft/1 kg | Clubcarddal: | 3129 Ft/1 kg | gluténmentes",269,219,True,Clubcarddal,Müzli és gabonapehely,50,2,df29e7ca725cf102b1d5820500f7c77a35e7b27d9b102dba79254de5417f13f1
SPAR,Corny müzliszelet,2026.04.23 - 04.29,többféle 50 g (5.980 Ft/1 kg),399,299,False,,Müzli és gabonapehely,50,2,f1043d67f55d9c47ec31b9f13d3af0ee6fab75904d165f1e4eb85e2e8cbc619f
Auchan,Cerbona CERBONA MÜZLI,2026.04.23 - 04.29,"többféle, 200 g, 4645 Ft/kg, 3495 Ft/kg",929,699,False,,Müzli és gabonapehely,50,2,7312cf111f28aa993be01a4b663508f1e25395ce441d92afe33e83c2af89c2d4
SPAR,Cerbona granola,2026.04.23 - 04.29,"többféle 450 g (2.664,44 Ft/1 kg)",1599,1199,False,,Müzli és gabonapehely,50,2,9574ebb1befa7a51fead6ec39305483212d72b42603d1e1a4c7a5c2c2b79f4f5
SPAR,Himalája étkezési kristálysó,2026.04.23 - 04.29,Sóland 1 kg,1090,799,True,Supershop kártyával,Fűszerek,128,2,463d002f9106635612c970b4a96c8716ff0ff9a59d5ec31490548d6beb26c00c
Tesco,Maggi leveskocka vagy pörköltszaft-ízesítő kocka,2026.04.23 - 04.29,"többféle, 120 g | 839 Ft/1 cs, 6992 Ft/1 kg | 1198 Ft/2 cs, 4992 Ft/1 kg",839,599,False,,Fűszerek,128,2,3e02fcf94eda9a57fed16d4b3264711f299070c560d37c5f4b94f7c81f45791f
ALDI,SWEET VALLEY ŐSZIBARACK-BEFŐTT,2026.04.27 - 04.29,"hámozott, felezett, enyhén cukrozott 820 g (480 g)/doboz 1 239,58 Ft/kg (töltőtömeg)",725,595,False,,Befőtt,123,3,589e4dac225bb14c58d7cef2fcf34e1d21055d4d195fea99f04c4d39d73cfa16
Tesco,Vecsési kovászos uborka,2026.04.23 - 04.29,1 kg,2129,1599,True,Clubcarddal,Savanyúság,329,3,389cbe461c9ec126f7821d73993b907d51bc2c7a5d2a8a4b9cd3d482a7ef879e
SPAR,SPAR ecetes cékla,2026.04.23 - 04.29,"szeletelt töltőtömeg: 430 g (1.393,02 Ft/1 kg)",699,599,False,,Savanyúság,329,3,4fac4f55679a2f342481fe2fcc7c91f7aca8875dc3c81e87f4732fd19005a3c2
Tesco,DÁRDÁS CSIRKEMÁJAS,2026.04.27 - 04.28,"100 g, 1790 Ft/kg",269,179,False,,Kenhető krém,330,3,1fef1b16338ad435890ffbaded6f724440739e11db833e791807c81a0d9376bc
SPAR,S-BUDGET aprított tonhal,2026.04.23 - 04.29,"napraforgóolajban töltőtömeg: 3×52 g (7.301,28 Ft/1 kg)",1139,999,True,Supershop kártyával,Egyéb konzerv,332,3,e77a4ea2d2eabc6cde54b74ccec412d8f241e0a59f0441d7d29b07368b5347ca
Auchan,Rio Mare RIO MARE TONHAL OLÍVAOLAJJAL,2026.04.23 - 04.29,"3x80 g, 12496 Ft/kg, 9163 Ft/kg",2999,2199,False,,Egyéb konzerv,332,3,29156bfbdcc7cc2cb0b1371804a31dfbdb5c01043eaa5f41db527e2dda8f36e9
ALDI,RIO MARE TONHAL OLÍVAOLAJBAN,2026.04.27 - 04.29,"4 x 80 g (4 x 52 g)/csomag 11 052,88 Ft/kg (töltőtömeg)",2999,2299,False,,Egyéb konzerv,332,3,41a1366806d7a0ba91e7b1bbdfeb6c2ab311c04626fc928214b48dd48ae413d3
Lidl,BARESA Zöld olivabogyó,2026.04.23 - 04.29,Mag nélkül | Töltőtömeg: 70 g; | 1 kg = 2558 Ft | 5700734,229,179,True,Lidl Plus alkalmazással,Zöldségkonzerv,333,3,b7d0ec53cd393ef1df88c2315917099bbfc202dff428d4d74ed0ff42dbb55902
SPAR,Franz Josef Exclusive olívabogyó,2026.04.23 - 04.29,"serrano sonkakrémmel, márványsajtkrémmel; zöld, magozott töltőtömeg: 130 g (5.376,92 Ft/1 kg)",899,699,False,,Zöldségkonzerv,333,3,523f4ec8d836207b4ee9d920e815f9b2676d14fdada9a12f627a657d9fb9cb70
Tesco,Bonduelle Gold csemegekukorica,2026.04.23 - 04.29,285 g | 3154 Ft/1 kg | Clubcarddal: 2804 Ft/1 kg,899,799,True,Clubcarddal,Zöldségkonzerv,334,3,a0d2482f92f4b52156d843ba627f970364a16f54deb54ce6bff924c3b4bbda29
Tesco,Globus vagdalt,2026.04.23 - 04.29,"többféle, 130 g | 2992 Ft/1 kg | Clubcarddal: 2838 Ft/1 kg",389,369,True,Clubcarddal,Egyéb konzerv,335,3,09ca6c1837ae258ccc6c4bfa0d04e7dea62955f79317950ad68f1d0965ead045
SPAR,DESPAR extra szűz olívaolaj,2026.04.23 - 04.29,"0,5 l (3.998 Ft/1 l)",2999,1999,False,,Olaj és eset,138,2,65bf5e592621e2a9ad297f90d707bf4631216b4a230ecd95b8e896c71f401a4e
ALDI,BELLASAN TÖKMAGOLAJ,2026.04.27 - 04.29,500 ml/üveg 4 778 Ft/l,3789,2389,False,,Olaj és eset,138,2,5285de1d19f69cfb91926b50448c470a9b96f5c03d37c01671fb9273e16ec55c
Tesco,Chio Stickletti,2026.04.23 - 04.29,"többféle, 80 g | 6238 Ft/1 kg | Clubcarddal: 5238 Ft/1 kg",499,419,True,Clubcarddal,Snack,139,2,5cdfc5a57a680c65e8e32b35197cd5398a0c01dc73e191ef93681ff8b23bfce1
Tesco,Chio Hula Hoops,2026.04.23 - 04.29,"többféle, 70 g | 7129 Ft/1 kg | Clubcarddal: 5986 Ft/1 kg",499,419,True,Clubcarddal,Snack,139,2,7b6acc2071e3e8f0a115f410d9f0c717ad2dbe6827b3eee0b7858fc51425f8d1
Tesco,Mogyi Micro Pop pattogtatni való kukorica multipack,2026.04.23 - 04.29,"többféle, 3x100 g/cs, 2330 Ft/1 kg, Clubcarddal: 1730 Ft/1 kg",699,519,True,Clubcarddal,Snack,139,2,7a8441d066da7275e743bc8ae503f66a833f15f17641bf25c9f4b5c015ad832b
Tesco,Csipet Ropi sós kisperec vagy sós pálcika,2026.04.23 - 04.29,"200 g, 3245 Ft/1 kg, Clubcarddal: 2495 Ft/1 kg",649,499,True,Clubcarddal,Snack,139,2,df21acc10bff6daa01828f66672e171ac860d56610d6d340f2b14c9587b0064c
Tesco,Tesco hullámos chips,2026.04.23 - 04.29,"többféle, 130 g | 3992 Ft/1 kg | Clubcarddal: 3223 Ft/1 kg",519,419,True,Clubcarddal,Snack,139,2,9da3ae180ce3d730b2069d27e7f5b40abe71b54658b130dfa3a54915e4953777
Lidl,SNACK DAY Hummusz chips,2026.04.23 - 04.29,Hagymás-tejfölös / barbecue | 50 g; 1 kg = 3 980 Ft | 6414400,295,199,True,Lidl Plus alkalmazással,Snack,139,2,887215f1761a176db4aae7d5053ed34eef545299af7049a5ebd9add4061782ef
Tesco,Pom-Bär burgonyasnack,2026.04.23 - 04.29,"többféle, 50 g 9980 Ft/1 kg Clubcarddal: 7980 Ft/1 kg",499,399,True,Clubcarddal,Snack,139,2,a6c7e499d831cc4adef6d1f97117db8c029c4fbd65e8e814415a1e0df2ae4249
Lidl,SNACK DAY Flips,2026.04.23 - 04.29,Földimogyorós | 150 g; 1 kg = 2 194 Ft | 44294,469,329,False,,Snack,139,2,d89a42d6e9a3d2e70b23705c108411275a7b1c1b0169983b22e97b17d487ed8b
Lidl,CSÍKI Chips,2026.04.23 - 04.29,Többféle | 60 g; 1 kg = 5 650 Ft | 6814589 / 6814590 / | 6814591 / 6814593,399,339,False,,Snack,139,2,98a11197d11074f50c1f7a959bea08e90f4695640ce480dca3c4b36507c91cbd
Auchan,Lays LAYS CHIPS,2026.04.23 - 04.29,"többféle, 55/60 g, 11255/10317 Ft/kg, 8527/7817 Ft/kg",619,469,False,,Snack,139,2,2ab7f986f398887c6dd3d33f5c7b9dc495c0bc5abb44200ba1972f060ed52a1e
Tesco,Mogyi Crasssh! földimogyoró,2026.04.23 - 04.29,"többféle, 60 g 6650 Ft/1 kg Clubcarddal: 4983 Ft/1 kg",399,299,True,Clubcarddal,Magvak és aszalvány,142,2,8543d5b601f081195254d96359ce42204d3dcb520b83ce6ebdd9d961e2882c56
Tesco,Mogyi pörkölt földimogyoró,2026.04.23 - 04.29,"többféle, 300 g 4663 Ft/1 kg Clubcarddal: 3330 Ft/1 kg",1399,999,True,Clubcarddal,Magvak és aszalvány,142,2,a4d95167bc7a119211ef4623d5c382b7c5b0375af1f507b567d25b1f27049719
ALDI,BELLA MANDULA,2026.04.27 - 04.29,200 g/csomag 3 745 Ft/kg,1199,749,False,,Magvak és aszalvány,142,2,a63011400a2851cf26a8f8934b8ad2b1e1812ed3acc299ca5af1d4cc573f3047
Auchan,NATURFOOD DIÁKCSEMEGE,2026.04.23 - 04.29,"200 g, 6245 Ft/kg, 3995 Ft/kg",1249,799,False,,Magvak és aszalvány,142,2,67f120626a9ed6679228f4357b4c2205f84075d5b21fe7bc3c96c993f3c5b9fb
Auchan,Nissin NISSIN SOBA PROTEIN INSTANT LEVES,2026.04.23 - 04.29,"classic, 92 g, 10315 Ft/kg | Bizalomkártyával: 7163 Ft/kg",949,659,True,Bizalomkártyával,Instant étel,165,2,8f01bc9b3b786ea8eeafda17b32cc8277f22d48a93b48323e3ad1af8b18823d6
Tesco,Knorr bögrés instant leves,2026.04.23 - 04.29,"többféle, 22 g 279 Ft/1 cs Clubcarddal: 655 Ft/3 cs",279,219,True,Clubcarddal,Instant étel,165,2,f3a818dad7191a4699c939b8e5c7e62ef787a37805dee01e77745f6fc694988d
Tesco,Maggi instant alap,2026.04.23 - 04.29,"többféle, 28/42 g 519 Ft/1 cs Clubcarddal: 797 Ft/2 cs",519,399,True,Clubcarddal,Instant étel,165,2,6559c459022ae710a12b7bc209aaa8fed42b26f34f799be41b27ff729b60161b
SPAR,Maggi Párperc instant tészta,2026.04.23 - 04.29,"59,2 g (5.050,68 Ft/1 kg) 3 db esetén: (3.361,49 Ft/1 kg)",299,199,False,,Instant étel,165,2,daf7cb85f64e230cccd5609c27210ecb47f8b24238be2447c13ef8af2eab436e
Auchan,Maggi MAGGI ALAP VAGY FIX,2026.04.23 - 04.29,"többféle, 28/42/70 g, 21036/14024/8414 Ft/kg, 14250/9500/5700 Ft/kg",589,399,False,,Instant étel,165,2,86451ff056dd29283114f54c0c5406867fdcc87962ba0b93e6be0b02cec1db95
Lidl,MAGGI Instant leves,2026.04.23 - 04.29,Húsgombóc / dörgicsei csibe / májgombóc | 70 g; 1 kg = 8558 Ft | 209541,749,599,False,,Instant étel,165,2,c6b8636bb6f28615fd74e60959f5039d9c0df34ba371f67e3857d584bb29cd00
Tesco,Univer ketchup,2026.04.23 - 04.29,1 kg,2059,1899,True,Clubcarddal,Szósz,174,2,5d09482ea6ac67bb9f0b5ad0834bc0227257f845323254c64ed2167115bf31e9
SPAR,S-BUDGET sűrített paradicsom,2026.04.23 - 04.29,"28-30% ref 140 g (1.421,43 Ft/1 kg)",199,179,True,Supershop kártyával,Szósz,174,2,28d070377e28aa403db4c0d216044270ad8d9b4ab1fbe6859e4a2e4ab5e0bb52
SPAR,Bens Original mártás,2026.04.23 - 04.29,"395 g (3.541,77 Ft/1 kg) 400 g (2.972,50/ 3.497,50 Ft/1 kg) 440 g (3.179,55 Ft/1 kg)",1189,999,True,Supershop kártyával,Szósz,174,2,06277ae09394675fdecf5add3fcb6bddd196852a0267235d5937f66085abdfcd
Tesco,Globus mustár,2026.04.23 - 04.29,440 g 2816 Ft/1 kg Clubcarddal: 2043 Ft/1 kg,1239,899,True,Clubcarddal,Szósz,174,2,9811e2d99103a014753743be08d5fe13c6856e528d8dd02df11e0609156567a2
SPAR,SPAR pizzakrém,2026.04.23 - 04.29,"160 g (2.806,25 Ft/1 kg)",579,449,False,,Szósz,174,2,0abd13e431cc3c0a14587e5f3eeb072d96af75a56f1357ff4aff9b7744b87e4b
SPAR,Univer ketchup,2026.04.23 - 04.29,"flakonos; klasszikus, olaszos, Erős Pistás 470 g (1.700 Ft/1 kg) light 460 g (1.736,96 Ft/1 kg)",1089,799,False,,Szósz,174,2,f57b16ff53fdf4235f15bb607eeec150bf5ed82ababbcfe0d89c3444f8ef2348
ALDI,HEINZ KETCHUP,2026.04.27 - 04.29,"csemege vagy csípős 570 g/flakon 1 664,91 Ft/kg",1379,949,False,,Szósz,174,2,45397ea73a872a649b37454246de0e48ae0467dbf7d990c6d0b9137bc123bf58
SPAR,Heinz majonéz,2026.04.23 - 04.29,"395 g (3.288,61 Ft/1 kg) 420 g (3.092,86 Ft/1 kg)",1789,1299,False,,Szósz,174,2,ec19a131891704a639802c2356e15a15ca0eae22e57511cee942651d5a0f4ff9
Tesco,Ms Mollys kakaós kenhető krém,2026.04.23 - 04.29,"többféle, 400 g | 2248 Ft/1 kg | Clubcarddal: 1998 Ft/1 kg",899,799,True,Clubcarddal,Lekvár és méz,319,2,3811f45c37166e7040e061f4f74794c2d88f5751e38e67ee1f5bfdfa81ff2033
SPAR,Háziasszony extradzsem,2026.04.23 - 04.29,"400 g (2.747,50 Ft/1 kg)",1099,749,True,Supershop kártyával,Lekvár és méz,319,2,c2a1574e52c41c5d10e33c9dc84823f700fe574b2fb74a03631130ea4080083b
SPAR,Lekvár,2026.04.23 - 04.29,"szilva, cseresznye 220 g (5.677,27 Ft/1 kg) csipkebogyó 210 g (5.947,62 Ft/1 kg) birsalma 200 g (6.245 Ft/1 kg)",1599,1249,False,,Lekvár és méz,319,2,1bf607ca0db3795e89065038ad09406845eaf3fd2731a60a4198fc629ce4ef70
SPAR,Magyar morzsa,2026.04.23 - 04.29,csomagolt 500 g (1.098 Ft/1 kg),649,549,False,,Sütési alapanyagok,324,2,e113a856bccd619c676cb9bce2b06cb096577185932d767aacec07ae4c7abc58
SPAR,Thymos holland kakaópor,2026.04.23 - 04.29,100 g (9.990 Ft/1 kg),1149,999,False,,Sütési alapanyagok,324,2,6e8db55ed8393259967e39554fa1a67ffa37f4b3b2a76e917c8022083300b402
Auchan,AUCHAN KEDVENC VOLLKORN TOAST KENYÉR,2026.04.23 - 04.29,"szeletelt, csomagolt, 350 g, 997 Ft/kg",349,299,True,Bizalomkártyával,Kenyér,57,2,efffb3b3d411dc42de41dbbdbf15721c93c3711710859e67150e66cadfd9691d
SPAR,Zalai kovászos cipó,2026.04.23 - 04.29,"szeletelt, csomagolt 400 g (2.072,50 Ft/1 kg)",829,599,True,Supershop kártyával,Kenyér,57,2,91c511f3a87a47b87d21dfbe4f34bb4c13807a27547d67b6341f87ae53ddcd8b
Lidl,Light kocka,2026.04.27 - 04.29,250 g; 1 kg = 1476 Ft,539,369,True,Lidl Plus alkalmazással,Kenyér,57,2,1de30431d63e55226103da52c7ddd5ab2208f2417f59278632ec201556fd9acc
SPAR,S-BUDGET toast kenyér,2026.04.23 - 04.29,"szeletelt, csomagolt 500 g (598 Ft/1 kg)",369,299,False,,Kenyér,57,2,72b511b0bbf4a1af6cf84813fbeb3feea0aa64a59bc15ee070cb11b6aa8e1e87
SPAR,Magvas cipó,2026.04.23 - 04.29,kovásszal frissen sütve 1 db,599,449,False,,Kenyér,57,2,fe92062b151b2bd14d4476f28904a667a7141375c043ff8a3f801cc6a8b15276
SPAR,Durum vekni,2026.04.23 - 04.29,frissen sütve,649,549,False,,Kenyér,57,2,e14f64a818b61e5255fbdcd6acb093277c25de9fb4b5df7ab3d852c8ffde68ec
Auchan,"KOVÁSZOS, FONOTT CIPÓ",2026.04.23 - 04.29,"Ft/db, natúr, 405 g, 1726 Ft/kg, 1479 Ft/kg",699,599,False,,Kenyér,57,2,0e7a9a7d0003d38ade65b73a0fed0a1d763b217078a736f2ca1ef8895afb1ee5
Auchan,SAJTOS-JALAPENOS DUPLACSIGA,2026.04.23 - 04.29,"Ft/db, 88 g, 3398 Ft/kg | Bizalomkártyával: | 2830 Ft/kg",299,249,True,Bizalomkártyával,Friss pékárú,58,2,596907e160a70fd35d895ece16c4c32be04545ed9febae6f0d98ac2725c948a8
SPAR,SPAR fonott kalács,2026.04.23 - 04.29,csomagolt 250 g (2.796 Ft/1 kg),699,499,True,Supershop kártyával,Friss pékárú,58,2,4a0f26a0b4ecd69650cfb54cf0269dbb96e82613ad6e06aa65db880f8c71a70b
SPAR,Csokoládés rúd tejkrémmel töltve,2026.04.23 - 04.29,frissen sütve,199,149,True,Supershop kártyával,Friss pékárú,58,2,b441068e82a1ebb3a51b76c200095b5fa59b6bfa8b3ae03f13855886a17e940c
SPAR,Retro kifli,2026.04.23 - 04.29,frissen sütve,139,95,True,Supershop kártyával,Friss pékárú,58,2,4a4e4d74791d1ebd1c6389064b89b4750958add67defbe56d3d4ea6f5a0b5b5a
Tesco,Jaus hamburgerzsemle,2026.04.23 - 04.29,"300 g, 4163 Ft/1 kg, Clubcarddal: 2663 Ft/1 kg",1249,799,True,Clubcarddal,Friss pékárú,58,2,5dd4b95769e08ce2b75b3da935a6da1d3e84ea06a6d59c172f657f9cf9d41463
Tesco,Cake Mania Buns csokoládékrémmel töltött molnárka kovásszal és csokoládés töltelékkel,2026.04.23 - 04.29,250 g | 4116 Ft/1 kg | Clubcarddal: 3196 Ft/1 kg,1029,799,True,Clubcarddal,Friss pékárú,58,2,a25be496316d705cf25199de78c4905823e4efe9ea6d4fb09d4b0f593a20fc6a
Auchan,TELJES KIŐRLÉSŰ BÉCSI ZSEMLE,2026.04.23 - 04.29,"Ft/db, 50 g, 1980 Ft/kg, 1380 Ft/kg",99,69,False,,Friss pékárú,58,2,caa7c588ad9fe602d5a3b80b1de4d1b3ee3eca9671d34841df88491a30cef8a6
Auchan,KAKAÓS CSIGA,2026.04.23 - 04.29,"Ft/db, 100 g, 1990 Ft/kg, 1190 Ft/kg",199,119,False,,Friss pékárú,58,2,b438f4be44ff610f957a1f4cbaa8e493b17c84d9a8c5bd1751510d542fcdaaa1
ALDI,AZON MELEGÉBEN MEXIKÓI PÁRNA,2026.04.27 - 04.29,frissen sütött pékáru 85 g/darab 1 400 Ft/kg,195,119,False,,Friss pékárú,58,2,21061697694773e15fd6d789d2ce2754aed5ede8513277e5fa20c3534795fcf0
Lidl,Medve sajtos párna,2026.04.27 - 04.29,90 g; 1 kg = 1434 Ft,199,129,False,,Friss pékárú,58,2,0d962e9acee334da0d16a8479d42e814edaaf7200e20d07fc0ca933697c08211
ALDI,AZON MELEGÉBEN MEGGYES PÁRNA,2026.04.27 - 04.29,"frissen sütött pékáru 108 g/darab 1 564,81 Ft/kg",279,169,False,,Friss pékárú,58,2,077002b6b201ac7806b3a3949266ee8cc7ef6f518792c2e0f92283d583680774
Lidl,Mogyorókrémes croissant,2026.04.27 - 04.29,85 g; 1 kg = 2342 Ft,299,199,False,,Friss pékárú,58,2,b11cc7dd60c21f10747190a8a97703e5f3020f63455e6119fb7a6c38f4982728
Tesco,7days croissant,2026.04.23 - 04.29,"többféle, 60 g | 289 Ft/1 db, 4817 Ft/1 kg | 867 Ft/4 db, 3617 Ft/1 kg | 3+1 3-at fizet 4-et kap! | 4 db vásárlása esetén:",289,217,False,,Friss pékárú,58,2,21875ce9fafc945a65cdd96e1eea9ef07f1395b44a87a4eefbadf8ffffccadb0
SPAR,Rost&Protein snack magvakkal,2026.04.23 - 04.29,frissen sütve,259,219,False,,Friss pékárú,58,2,b0c13f6b313637040935ab5b2d77ac58fa9a9780cae5ef03db281073163ebd64
SPAR,SPAR grillkolbászos BBQ-rúd,2026.04.23 - 04.29,frissen sütve,299,249,False,,Friss pékárú,58,2,de1f9d517c07ef60969788ec31b755d88b1d3f3e447964e2f63ecd318ef9debd
Tesco,Bécsi perec,2026.04.23 - 04.29,"120 g, 2492 Ft/1 kg",399,299,False,,Friss pékárú,58,2,38ebe49f0fd61a1b8f51d9b17e79916f32eff7e26d10614070ce47d79523940f
SPAR,Sajtos bagett,2026.04.23 - 04.29,frissen sütve,499,399,False,,Friss pékárú,58,2,577d179558d07590f2d3cf67c9d4c50ff3a794b162f9bf0449ccd1303bb872bb
SPAR,7DAYS multipack croissant,2026.04.23 - 04.29,"kakaós; csomagolt 5x37 g (3.778,38 Ft/1 kg)",999,699,False,,Friss pékárú,58,2,37892a006dac630578b8b296e96105c6ad6aca671ba4f55424bd83b9337e01f6
SPAR,SPAR veggie pita,2026.04.23 - 04.29,"csomagolt 400 g (1.872,50 Ft/1 kg)",899,749,False,,Egyéb pékárú,336,2,a79801ecd76e16a707687539ced01fcf72b131f99688668fef08ba8b9bf7fdcb
Auchan,"SAJTTAL TÖLTÖTT PIROS, SÁRGA PAPRIKA, MINI TÖK VAGY VEGYES TÁL",2026.04.23 - 04.29,"250 g, 9476 Ft/kg, 5516 Ft/kg | SAJTTAL TÖLTÖTT PAPPADEW PAPRIKA VAGY KOCKÁZOTT KRÉMFEHÉR SAJT | 150 g, 15793 Ft/kg, 9193 Ft/kg",2369,1379,False,,Növényi kenhető krém,429,2,a464f86f6e1ca09abefbf41a448bb89758f14dd4e769641159bdfd2b6e5cc63c
Tesco,Pizza Doro Contadina pizza,2026.04.23 - 04.29,400 g | 4073 Ft/1 kg | Clubcarddal: 3098 Ft/1 kg,1629,1239,True,Clubcarddal,Mirelit készétel,14,2,748fc312037811328fa605ccf839da4162c7a0e2f6f9d16dcb3b1f706700c094
SPAR,SPAR nudli,2026.04.23 - 04.29,gyorsfagyasztott 500 g (798 Ft/1 kg),699,399,False,,Mirelit készétel,14,2,d4c7bec3ec1e4717a633bea384a7913c3365c2bba5ae2c05fc530ad50205b4ed
Auchan,Buitoni BUITONI PICCOLINIS MINI PIZZA,2026.04.23 - 04.29,"többféle, 270 g, 5181 Ft/kg, 4404 Ft/kg",1399,1189,False,,Mirelit készétel,14,2,4f802f3778a4bc40680d053fbdb0e1d9557f7c0d2a6d10a3b0902234b3d396a4
SPAR,Dr. Oetker Feliciana pizza,2026.04.23 - 04.29,"gyorsfagyasztott 320 g (3.746,88 Ft/1 kg) 325 g (3.689,23 Ft/1 kg)",1599,1199,False,,Mirelit készétel,14,2,b15acfbc42b6f548f2fd0269eee7b9b663227c028474ede184239316134c398e
ALDI,PIZZAH KÖVÖN SÜTÖTT PIZZA,2026.04.27 - 04.29,"szalámis | 3 x 350 g/doboz | 1 618,10 Ft/kg | 832599",2499,1699,False,,Mirelit készétel,14,2,a3926d8eab8ddb1d9e996bca456cce0815c5174c4b9400fb3ce90a412f85f647
Auchan,Auchan Collection AUCHAN COLLECTION BÉCSI SERTÉSVIRSLI,2026.04.23 - 04.29,"juhbélben, bükkfával füstölt, 2x200 g, 4498 Ft/kg | Bizalomkártyával: 3148 Ft/kg",1799,1259,True,Bizalomkártyával,Felvágott/kolbász/szalámi,33,2,91817ab5e67f69842eff50d86e402cb9baeea2359087cdf38934a46f96f472f9
Auchan,Auchan AUCHAN KEDVENC DEBRECENI,2026.04.23 - 04.29,"csípős vagy csemege, 300 g, 4997 Ft/kg Bizalomkártyával: 4330 Ft/kg",1499,1299,True,Bizalomkártyával,Felvágott/kolbász/szalámi,33,2,b9547c2780b76a1c1dc864c6f68ef8f9a2c5404e843d86532b1367e35ff30fc0
SPAR,"Regnum Olasz, Zala felvágott",2026.04.23 - 04.29,"szeletelt, csomagolt 100 g (3.990 Ft/1 kg)",399,319,True,Supershop kártyával,Felvágott/kolbász/szalámi,33,2,345f2ba0873221926c9d157695762a6d27eae5eb749cdaca9940305308117aa4
SPAR,"Regnum hámozott frankfurti virsli, cheddar sajtos virsli",2026.04.23 - 04.29,"csomagolt 230 g (3.343,48 Ft/1 kg) debreceni, light wellness virsli 200 g (3.845 Ft/1 kg)",769,599,True,Supershop kártyával,Felvágott/kolbász/szalámi,33,2,8f5d027b69547c9a8f4d7f25c4838e1ad4fa533519db402323f510008d2cbc35
SPAR,Regnum csülök felvágott,2026.04.23 - 04.29,a kiszolgálópultban (3.290 Ft/1 kg),329,239,True,Supershop kártyával,Felvágott/kolbász/szalámi,33,2,dc03f2363fbc73ef8a039d33a260dd53399b1b4598fb44756c392a3c2c24a863
SPAR,S-BUDGET dán szalámi,2026.04.23 - 04.29,"szeletelt, csomagolt 100 g (4.990 Ft/1 kg)",499,399,True,Supershop kártyával,Felvágott/kolbász/szalámi,33,2,b7ec6dc48def13e5095dc99d5b53e3342f86e5300da265dcdc9d032c76e3d914
SPAR,Regnum frankfurti virsli,2026.04.23 - 04.29,"csomagolt 400 g (3.197,50 Ft/1 kg)",1279,999,True,Supershop kártyával,Felvágott/kolbász/szalámi,33,2,f5a5ea17c229330b9a9e6c1ed4b942aa3271818901d4a91c651ffb4e7c35acfd
SPAR,Pick Rákóczi szalámi,2026.04.23 - 04.29,"szeletelt, csomagolt 80 g (9.987,50 Ft/1 kg)",799,599,True,Supershop kártyával,Felvágott/kolbász/szalámi,33,2,8706206cb4a2a6e14c19720ec4e665ec54cf506745bce26665bfce91ad9dc552
SPAR,Pick Pickolino roppanós virsli,2026.04.23 - 04.29,csomagolt 300 g (4.630 Ft/1 kg),1389,1089,True,Supershop kártyával,Felvágott/kolbász/szalámi,33,2,3bec7a28e6fceecbfd589633c877c79de080814b424f8ca2b83cf46eb3daee68
Tesco,"Privát Hús füstölt-főtt csemege karaj, -tarja vagy -sonka",2026.04.23 - 04.29,"többféle, 100 g, 5990 Ft/1 kg, Clubcarddal: 3990 Ft/1 kg",599,399,True,Clubcarddal,Felvágott/kolbász/szalámi,33,2,2f13cc170ab72a8ef3db435500c0da9519c2b8aae04bb32b1b9c1ef98940fcb1
Tesco,Master Good füstli,2026.04.23 - 04.29,"többféle, 140 g, 4493 Ft/1 kg, Clubcarddal: 3064 Ft/1 kg",629,429,True,Clubcarddal,Felvágott/kolbász/szalámi,33,2,f0f4ab41ced52ecf1f3f7af9b1ad75c86c73aa44bff33eff23b483e050df68d4
Tesco,Kometa Útravaló szeletelt felvágott,2026.04.23 - 04.29,"többféle, 125 g, 4792 Ft/1 kg, Clubcarddal: 4000 Ft/1 kg",599,500,True,Clubcarddal,Felvágott/kolbász/szalámi,33,2,b15c07e533f8eb47d546817fe9ca60003192ecf266c45f541ceb6e08b5692eb3
Tesco,SNACK!T Exclusive Kabanos kolbász,2026.04.23 - 04.29,"120 g, 13242 Ft/1 kg, Clubcarddal: 7492 Ft/1 kg",1589,899,True,Clubcarddal,Felvágott/kolbász/szalámi,33,2,d8300875bc7b48c2de0e4f5b86e4c91ab51f9878a72b3116c699ad55089b1d25
Tesco,Finonimo lángolt kolbász,2026.04.23 - 04.29,"400 g, 3998 Ft/1 kg, Clubcarddal: 2848 Ft/1 kg",1599,1139,True,Clubcarddal,Felvágott/kolbász/szalámi,33,2,07364413e117874e08ecb15f2f3c7361479771c17190c8940c44098ce4985f7b
Tesco,"Kometa Kemencés sült csülök, tarja, sonka vagy karaj",2026.04.06 - 05.24,90/100 g 8878/7990 Ft/1 kg Clubcarddal: 6100/5490 Ft/1 kg,799,549,True,Clubcarddal,Felvágott/kolbász/szalámi,33,2,8e3bea9b9eb84bf6ee0804447a0061ca55e4048ba00f77f616a0f4c83db20499
Tesco,Tauris szelet,2026.04.23 - 04.29,"többféle, 55 g | 6527 Ft/1 kg | Clubcarddal: 4527 Ft/1 kg",359,249,True,Clubcarddal,Felvágott/kolbász/szalámi,33,2,fb332f0ad8eadff98306e45d6ca187367b679c467db6d1757a0f6697d9677099
Tesco,Privát Hús bécsi roppanós sertésvirsli**,2026.04.23 - 04.29,200 g | 3995 Ft/1 kg | Clubcarddal: 2995 Ft/1 kg,799,599,True,Clubcarddal,Felvágott/kolbász/szalámi,33,2,6d05c08160ecfb3d1fe282490fb5886a7b0d48fecba2249f7f9ff4ec9e8f0871
Tesco,Kometa Zselici szalámi,2026.04.23 - 04.29,"350 g | 7140 Ft/1 kg | Clubcarddal: | 5711 Ft/1 kg | A termék a következő áruházainkban nem kapható: Gyula, Kiskunfélegyháza.",2499,1999,True,Clubcarddal,Felvágott/kolbász/szalámi,33,2,3789afbd08aed5ccb87383ca19afcf7eb0c05659febcd51f33f91a5bbd2993da
Lidl,PIKOK Pulykacombsonka,2026.04.27 - 04.29,100 g; 1 kg = 2190 Ft,299,219,True,Lidl Plus alkalmazással,Felvágott/kolbász/szalámi,33,2,bac253664c8a01721ebe6091ad1b04b5468f1ab67882af9a90ce8525980f2d64
Tesco,Pick szeletelt téliszalámi,2026.04.23 - 04.29,"többféle, 70 g | 12843 Ft/1 kg | Clubcarddal: 9271 Ft/1 kg",899,649,True,Clubcarddal,Felvágott/kolbász/szalámi,33,2,173cb663014fb87c5721a8a4ecf5ae36d0e0286b5601441782f748d2b2e5856f
Tesco,Pick Fresh Corner hot-dog kolbász,2026.04.23 - 04.29,300 g | 5997 Ft/1 kg | Clubcarddal: 4663 Ft/1 kg,1799,1399,True,Clubcarddal,Felvágott/kolbász/szalámi,33,2,7d91ab2fa6a1b20dc6547dca4327d026a3411aa302cd5e11a283d01346c1bf36
Tesco,Hajnal Hús lecsókolbász,2026.04.23 - 04.29,"csemegepultban kapható, 1490 Ft/1 kg",229,149,False,,Felvágott/kolbász/szalámi,33,2,178bede5b717d7ec852cd4c7c3aebcbcbc3ce89ffc4fc6e89d47c1405bfcb685
SPAR,Regnum lecsókolbász,2026.04.23 - 04.29,"csemege, csípős, baconös; a kiszolgálópultban (1.790 Ft/1 kg)",259,179,False,,Felvágott/kolbász/szalámi,33,2,cb73302a3e0692ceb6c672968148c410e0affa5ca5506cf96e6eb635ca9806b0
ALDI,FÜRDŐI SZELET,2026.04.27 - 04.29,100 g/csomag | 2 990 Ft/kg,625,299,False,,Felvágott/kolbász/szalámi,33,2,09c576eee68458434f1a648c625029480389fc1b5a373b0f518c45d4902c8842
SPAR,SPAR csirkemell sonka,2026.04.23 - 04.29,"szeletelt, csomagolt 100 g (3.590 Ft/1 kg)",425,359,False,,Felvágott/kolbász/szalámi,33,2,228d1cef4722c7a2295d6126ea9a6e118afe439d5cda0f11768a51abb9bc7dad
SPAR,Regnum Turist,2026.04.23 - 04.29,a kiszolgálópultban (3.990 Ft/1 kg),499,399,False,,Felvágott/kolbász/szalámi,33,2,bde743af0b6be11406d262322779c224c1523522184f3e6f2fe72d53dc5333cc
Tesco,Pápai Hús sült prágai sonka vagy extra sonka*,2026.04.23 - 04.29,csemegepultban kapható | 4290 Ft/1 kg,499,429,False,,Felvágott/kolbász/szalámi,33,2,525cb7da37c4ef06b5baf3e1286908cd2a9de8a9d6d903410091b553826a0496
Tesco,Família Harmónia rúd*,2026.04.23 - 04.29,csemegepultban kapható | 4290 Ft/1 kg,569,429,False,,Felvágott/kolbász/szalámi,33,2,73b87f2cc93c5f9b494871093a250f9a5e26827a8d66a3975ae80ac38aa200e9
Tesco,Bogádi füstölt kolbász*,2026.04.23 - 04.29,csemegepultban kapható | 4390 Ft/1 kg,649,439,False,,Felvágott/kolbász/szalámi,33,2,e414e5b12ba4cff51275b766ab758877dafecd2f6eeb570ae1667adc1738a102
SPAR,Regnum Mester sonka,2026.04.23 - 04.29,a kiszolgálópultban (4.490 Ft/1 kg),579,449,False,,Felvágott/kolbász/szalámi,33,2,0ebc07ee9080c500bfad0773b03f3ef22e6e6ce826542975e6f5a7d2edab4130
SPAR,SPAR parasztkolbász,2026.04.23 - 04.29,"szeletelt, csomagolt 80 g (5.987,50 Ft/1 kg)",599,479,False,,Felvágott/kolbász/szalámi,33,2,109820a4e539ee0148807e11b3d07ec7d855467219cc05410b32da2fc4eb8809
Auchan,"Auchan AUCHAN KEDVENC SONKA, TARJA, KARAJ VAGY CSÜLÖK",2026.04.23 - 04.29,"90 g, 7767 Ft/kg, 5544 Ft/kg",699,499,False,,Felvágott/kolbász/szalámi,33,2,71646e1a2717bac3676f9d0562a6a9e010500bfef99882b08b3c6de60f2a72b8
SPAR,Gyulai kolbász,2026.04.23 - 04.29,"szeletelt, csomagolt 80 g (7.237,50 Ft/1 kg)",849,579,False,,Felvágott/kolbász/szalámi,33,2,2e49ae0e7ca9758104129302df5e7b6e4d76e9f0df04fd702f7d3fd4e5050f6b
SPAR,Chorizo,2026.04.23 - 04.29,a kiszolgálópultban (6.990 Ft/1 kg),899,699,False,,Felvágott/kolbász/szalámi,33,2,3a032d7078520c1bcf5337e2f3432249a93121bbb66e04a98232cf26feb236ab
SPAR,Csabai snack kolbász,2026.04.23 - 04.29,csomagolt 100 g (6.990 Ft/1 kg),899,699,False,,Felvágott/kolbász/szalámi,33,2,7ead8ff84bbe95baa26fd668c542c8cb8aa4b7a6354418de06411019cdf4c899
SPAR,Pick Báthory szalámi,2026.04.23 - 04.29,a kiszolgálópultban (7.990 Ft/1 kg),999,799,False,,Felvágott/kolbász/szalámi,33,2,974426ca578357462e7dc6bdf4fcb8c3faa7dd2167487ca5aa120fc1a154df94
Lidl,DULANO Sonkaválogatás,2026.04.27 - 04.29,180 g; 1 kg = 4773 Ft,1299,859,False,,Felvágott/kolbász/szalámi,33,2,c5e4f5025a1240177a1a0c59e6ac61b4c562b52d83bfc9800e53c789acf52ded
Tesco,Tesco spanyol stílusú nyers sertéskolbász,2026.04.23 - 04.29,"300 g, 3663 Ft/1 kg",1199,1099,False,,Felvágott/kolbász/szalámi,33,2,a1dba1379d102199c02345275f511f44433ce17930134cf55ef871256326ae55
Auchan,Auchan AUCHAN KEDVENC GYULAI CSEMEGE SZÁRAZKOLBÁSZ,2026.04.23 - 04.29,"250 g, 6396 Ft/kg, 4796 Ft/kg",1599,1199,False,,Felvágott/kolbász/szalámi,33,2,55bb8f10ddb54e3ac2c5325c34a9a7293ff773b376e34108f274e7f5022e5266
SPAR,Wiesbauer Prémium bécsi virsli,2026.04.23 - 04.29,"csomagolt 2x200 g (3.497,50 Ft/1 kg)",1999,1399,False,,Felvágott/kolbász/szalámi,33,2,cb3d7dbee15829b879d5789ccf5d735fe6c8dd060b3ef0d4fd1c283c582f1ea7
Auchan,Pick PICK HOT-DOG KOLBÁSZ,2026.04.23 - 04.29,"többféle, 300 g, 6263 Ft/kg, 5263 Ft/kg",1879,1579,False,,Felvágott/kolbász/szalámi,33,2,525b2a0657d5400d69bd9ed7d86f1db24fbdb45ed0ded133e9ebeab15a73eb25
Auchan,Auchan AUCHAN TIPP TÉLISZALÁMI,2026.04.23 - 04.29,"paprikás vagy csemege, 400 g, 6248 Ft/kg, 4748 Ft/kg",2499,1899,False,,Felvágott/kolbász/szalámi,33,2,89a8aaf9a6aad8b28e02379d65bbda74cc962f5615fd909a59acdaaeeb58ccd4
SPAR,Pick téliszalámi,2026.04.23 - 04.29,"csomagolt 800 g (8.748,75 Ft/1 kg)",9889,6999,False,,Felvágott/kolbász/szalámi,33,2,eeef76bbe13b6a7012e0157c0cb2225b7ec3970c1ad6a6d4c2064f90ef903efa
SPAR,"Libazsír, kacsazsír",2026.04.23 - 04.29,"csomagolt 190 g (3.310,53 Ft/1 kg)",629,529,True,Supershop kártyával,Zsír,166,2,a6d9d5d6da14c8bd9f4b41e51685b1977a04d81cbabd1e824acfaaf46dde3ef9
Auchan,Auchan AUCHAN KEDVENC TEPERTŐKRÉM,2026.04.23 - 04.29,"többféle, 250 g, 3596 Ft/kg, 2796 Ft/kg",899,699,False,,Zsír,166,2,c9a5e9e5fad2aac1a7e4d10b7bba16e72b44cc86fcfd2f99efc72dff090cb464
SPAR,Regnum rakott erdélyi szalonna,2026.04.23 - 04.29,a kiszolgálópultban (5.290 Ft/1 kg),529,399,True,Supershop kártyával,Szalonna,175,2,a4efc085cc33832a9306ec5993d7d454c20ce3f5356fed0d05f03da5d5f075a9
Tesco,Kometa Kemencés sült császárszalonna,2026.04.06 - 05.24,200 g 8445 Ft/1 kg Clubcarddal: 5995 Ft/1 kg,1689,1199,True,Clubcarddal,Szalonna,175,2,fb35be775641b4e9b325e848b90b3043a786bb7f7790c8a83f822b0eb386f79a
Tesco,Füstölt csemegeszalonna,2026.04.23 - 04.29,csemegepultban kapható | 2690 Ft/1 kg | A termék a gyulai áruházunkban nem kapható.,359,269,False,,Szalonna,175,2,5de3a5cafe64c46fc7a76c300738c4f6629ea2251ae4ba53bf25f1ec7d66ab4d
SPAR,Regnum füstölt kolozsvári szalonna,2026.04.23 - 04.29,a kiszolgálópultban (3.990 Ft/1 kg),499,399,False,,Szalonna,175,2,313a3c451806fb3732ec214ddd0c3a6187c6c1afa47b06039726567326c0b639
Auchan,Auchan AUCHAN KEDVENC SERTÉS ZSÍRSZALONNA,2026.04.23 - 04.29,"Ft/kg, kockázott, védőgázas csomagolás",1499,1099,False,,Szalonna,175,2,bfcdbcfe23d49131ecd238bb622a1db7309607d0025f260277d5fbec1c6d9c92
Auchan,Gierlinger GIERLINGER PRÉMIUM BACON,2026.04.23 - 04.29,"szeletelt, 2x200 g, 7248 Ft/kg, 4998 Ft/kg",2899,1999,False,,Szalonna,175,2,991a7b1cb33f6d3c39f84ee46ea3ebf004df6cdc7dbd8c9f49888fc13433690d
Auchan,Knorr KNORR TÉSZTÁS KÉSZÉTEL,2026.04.23 - 04.29,"többféle, 134/181 g, 9619/7122 Ft/kg Bizalomkártyával: 6560/4856 Ft/kg",1289,879,True,Bizalomkártyával,Hidegkonyha,431,2,20a9a2a92f5ac4d92a7afd51a5c51eb2d509202c285843b69f46b1b09747315e
SPAR,Heppy Chef csikós tokány,2026.04.23 - 04.29,"csomagolt 330 g (4.542,42 Ft/1 kg)",1499,1199,True,Supershop kártyával,Hidegkonyha,431,2,03e6915394855c8d5325d414e0f4a3a1b479c9ad725438504f8379ef20f78e63
Auchan,Fresco di Forno FRESCO DI FORNO KÉSZÉTEL,2026.04.23 - 04.29,"többféle, 300/320 g, 6197/5809 Ft/kg, 4330/4059 Ft/kg",1859,1299,False,,Hidegkonyha,431,2,f6bde7d9952a6526940ba976d9c1fc5a221be7558ea9eec0fdd0068c26376ce4
Lidl,CHEF SELECT Nemzetközi készételek,2026.04.27 - 04.29,1 kg,1799,1349,False,,Hidegkonyha,431,2,2817a78510914bb0515a976b32ffa5e86756b20683a2efb4e8ba097e515acffb
SPAR,Céklás káposztasaláta,2026.04.23 - 04.29,vödrös 500 g (1.998 Ft/1 kg),999,699,True,Supershop kártyával,Hidegkonyha,432,2,a330a259639da5ad4b7c67b39ac4398c26f0d890121f6a7796065b0315b916e6
SPAR,SPAR enjoy. almás-sajtos kukoricasaláta,2026.04.23 - 04.29,csomagolt 200 g (2.995 Ft/1 kg),799,599,False,,Hidegkonyha,432,2,c2554e4f5b11b49b7e9834709117b775251f70b263771d5d238f07c0e2c7b7a4
SPAR,SPAR enjoy. BBQ csirkemelles szendvics,2026.04.23 - 04.29,csomagolt 1 db,1099,799,True,Supershop kártyával,Hidegkonyha,433,2,d3fc96c0acaf885605d0bb66c40627ae3a8a0034c90f9aa1c165bfcd56fa35e4
Tesco,Piroska üveges gyümölcsszörp,2026.04.23 - 04.29,"többféle, 0,7 l | 1284 Ft/1 l | Clubcarddal: 856 Ft/1 l | + visszaváltási díj: 180 Ft/db",899,599,True,Clubcarddal,Szörp,416,2,55cc6d10fcd912eb1864885ffbe9a36bc0120e7ef2d1cb7bf48b279f66828171
Tesco,Cappy Ice Fruit gyümölcsital,2026.04.23 - 04.29,"többféle, 1,5 l, 493 Ft/1 l, Clubcarddal: 386 Ft/1 l, + visszaváltási díj: 50 Ft/db",739,579,True,Clubcarddal,Gyümölcslé,418,2,779a9437b5ca9e77836116fc4b97bd67eba8e0146b80568ec4a087938f6d1b13
Auchan,Szobi SZOBI GYÜMÖLCSITAL,2026.04.23 - 04.29,"többféle, 12%, 1 l, 419 Ft/l Bizalomkártyával: 349 Ft/l",419,349,True,Bizalomkártyával,Gyümölcslé,418,2,a1209fea24b9abed87b5f006de4eb0a5e81254986f42fb50915e17d2d2df7f5b
Tesco,Sió Zero gyümölcsital,2026.04.23 - 05.20,"többféle, 1 l",719,549,True,Clubcarddal,Gyümölcslé,418,2,a8018fc50023fac924427f3697331c7328dde0fba551ee4cf60aab45dd2fc5c5
Lidl,SOLEVITA Narancslé,2026.04.23 - 04.29,100% gyümölcs-tartalom | +50 Ft betétdíj | 1 l,695,479,False,,Gyümölcslé,418,2,1338bfb88ec0c229b673f4c91c4984b29b15c668649fbe8a8d24e55f9a710c65
Lidl,SOLEVITA Smoothie,2026.04.27 - 04.29,Többféle | +50Ft betétdíj | 250 ml; 1 l = 1596 Ft,535,399,True,Lidl Plus alkalmazással,Smoothie,423,2,8e05c12b71240a7f9f6768cb614321e6af15ac4185b813900b98f1b73db71a9e
Auchan,Pickwick PICKWICK TEA,2026.04.23 - 04.29,"Ft/doboz, többféle, 20 filter, 43 Ft/filter Bizalomkártyával: 30 Ft/filter",859,599,True,Bizalomkártyával,Tea,56,2,3835ace9f25fc629e8f9a6a971a9147539488e5093a206c544938784af45718e
Auchan,Sir Morton SIR MORTON TEA,2026.04.23 - 04.29,"többféle, 20 filter/doboz, 25 Ft/filter, 22,5 Ft/filter",499,449,False,,Tea,56,2,f98740a129966665b4ab57ec3b3b4def7548a2e60577a7c84b2a9da69d907723
SPAR,Loyd tea,2026.04.23 - 04.29,többféle; filteres 20×2 g,739,649,False,,Tea,56,2,c289c8a38981da88e3dd9d7c02977b192389c3d5998f3b73fce78f94de993eec
SPAR,Lipton tea,2026.04.23 - 04.29,"50 filter 75 g (14.653,33 Ft/1 kg) 100 g (10.990 Ft/1 kg)",1649,1099,False,,Tea,56,2,9c772ce24e9b89f5961528cf09d15742b831d1f376a13d3014f7494c68fa1d7c
Tesco,Kinley szénsavas üdítőital,2026.04.23 - 04.29,"többféle, 1,5 l, 759 Ft/1 db, 506 Ft/1 l, Clubcarddal: 1258 Ft/2 db, 419 Ft/1 l, + visszaváltási díj: 50 Ft/db",759,629,True,Clubcarddal,Szénsavas,413,3,f6234a4edc6eb954d42587d07211ec33f5b387ff5f418275a73b0c365d718b31
Tesco,Márka szénsavas üdítőital,2026.04.23 - 04.29,"többféle, 2 l | 250 Ft/1 l | Clubcarddal: | 158 Ft/1 l | + visszaváltási díj: | 50 Ft/db | A feltüntetett ár a visszaváltás díját nem tartalmazza.",499,315,True,Clubcarddal,Szénsavas,413,3,bb99c616ce7db4b43cb4b86c2a6d4ddb4d350c741efc7018e3d7d680e4cb16b2
Tesco,"Coca-Cola, Fanta, Sprite Coca-Cola, Fanta vagy Sprite szénsavas üdítőital",2026.04.23 - 04.29,"többféle, 1,75 l | 434 Ft/1 l | Clubcarddal: 377 Ft/1 l | + visszaváltási díj: 50 Ft/db",759,659,True,Clubcarddal,Szénsavas,413,3,e9127843c7774d0f8d84a0796d01e6cd50fba9141dfc58ce4325019b55cd52e9
SPAR,Pepsi szénsavas üdítőital,2026.04.23 - 04.29,"1,5 l (356 Ft/1 l) (+visszaváltási díj: 50 Ft)",534,499,True,Supershop kártyával,Szénsavas,413,3,059bfdbab4840bf38b250479b60ef624aac7807b6a647a2f08be29f582345311
SPAR,Márka szénsavas üdítőital,2026.04.23 - 04.29,"2,5 l (239,60 Ft/1 l) (+visszaváltási díj: 50 Ft)",599,359,True,Supershop kártyával,Szénsavas,413,3,134bac73f7b9d2346ec9336c58068fb42a4a404bb57033ed1a0beac3aa3cbfad
Auchan,Márka MÁRKA SZÉNSAVAS ÜDÍTŐITAL,2026.04.23 - 04.29,"többféle, 2,5 l + visszaváltási díj 50 Ft 1 db: 539 Ft, 216 Ft/l 2 db: 798 Ft, 160 Ft/l",539,399,False,,Szénsavas,413,3,f3e411a5d5910b19d6ab6f7dfbcbae060f3b1b874e89d945997abd457dcbc01f
SPAR,"Coca-Cola, Fanta szénsavas üdítőital",2026.04.23 - 04.29,"2,25 l (408,44 Ft/1 l) 2 db-tól: (346,22 Ft/1 l) (+visszaváltási díj: 50 Ft)",919,779,False,,Szénsavas,413,3,439a80d0e8e1b0fff1d09b01a123a1822d71dd4dd24f0595ad1d092073837cce
Lidl,SOLEVITA Aloe Vera ital,2026.04.23 - 04.29,"+50 Ft betétdíj | 0,5 l; 1 l = 658 Ft | 3033",449,329,True,Lidl Plus alkalmazással,Szénsavmentes,414,3,f1fb87c6411a59b9f63a906ba0636dd75b29d5271b13638007c4651a62e87a38
Tesco,XIXO Ice Tea,2026.04.23 - 04.29,"többféle, 1,5 l | 299 Ft/1 l | Clubcarddal: 239 Ft/1 l | + visszaváltási díj: 50 Ft/db",449,359,True,Clubcarddal,Szénsavmentes,414,3,c30b4d74826003f7f425e600a5f93fa9678ff16959fcee874c4e7183cf6a030d
SPAR,Nestea,2026.04.23 - 04.29,"1,5 l (392,67 Ft/1 l) (+visszaváltási díj: 50 Ft)",589,419,True,Supershop kártyával,Szénsavmentes,414,3,d222cc5b2b6208020fb3a917c0c83a1727d8d7341d4a5ec1fc6c9fad9ae4458c
Auchan,Nestea NESTEA ICE TEA,2026.04.23 - 04.29,"többféle, 1,5 l + visszaváltási díj 50 Ft 1 db: 589 Ft, 393 Ft/l 2 db: 858 Ft, 286 Ft/l",589,429,False,,Szénsavmentes,414,3,c47d65005d90407b175c7cbe8d7e5258fc5e95225546e2cad7231cfca77febe7
Tesco,Monster energiaital,2026.04.23 - 04.29,"többféle, 0,5 l, 1198 Ft/1 l, Clubcarddal: 918 Ft/1 l, + visszaváltási díj: 50 Ft/db",599,459,True,Clubcarddal,Energia- és vitaminital,415,3,ec7245efd439f311a567b2c4f9b85030a4767096864e11bb917fef33b7fc40c0
SPAR,"Hell New Generation koffeintartalmú, szénsavas üdítőital",2026.04.23 - 04.29,"0,25 l (1.036 Ft/1 l) (+visszaváltási díj: 50 Ft)",329,259,False,,Energia- és vitaminital,415,3,e40393ec68e6c1c6a92ceb0d7de019a55a584c2e163d76b33b63b374c3af91d3
Tesco,Nescafé instant kávé,2026.04.23 - 04.29,"többféle, 200 g, 17495 Ft/1 kg, Clubcarddal: 14995 Ft/1 kg",3499,2999,True,Clubcarddal,Kávé,97,2,999d6a769149146a1e4245454a3562f60a715ab0d780c05ac3aba08ec8cf4c5c
Auchan,Nescafé NESCAFÉ 3IN1 INSTANT KÁVÉ,2026.04.23 - 04.29,"classic, 30x16,5 g, 5675 Ft/kg Bizalomkártyával: 4442 Ft/kg",2809,2199,True,Bizalomkártyával,Kávé,97,2,37617f033df1c26e72eb9a15e7e4d5718ac5847ef353896c592e94374ce60e37
Tesco,Nescafé Farmer Origins Nespresso kapszula,2026.04.23 - 04.29,"többféle, 44 g",1499,1199,True,Clubcarddal,Kávé,97,2,bcba5c9f6f1aef63e174e36ada4e2ffb23b9e7384aad151a519237e61187aeee
Tesco,Segafredo Zanetti Intermezzo őrölt pörkölt kávé,2026.04.23 - 04.29,250 g 8396 Ft/1 kg Clubcarddal: 6796 Ft/1 kg,2099,1699,True,Clubcarddal,Kávé,97,2,09358515cd932b608e25440fed052848c428b1b667405cd00ac0eee92ebd13d3
Tesco,Eduscho Caffé Crema pörkölt szemes kávé,2026.04.23 - 04.29,1 kg,6499,5990,True,Clubcarddal,Kávé,97,2,1dbb05b7fe5556ac6f0add5a563ee802d3dfd27e4cea458a5a973ccddc8c11f6
SPAR,"Tchibo, Eduscho Tchibo Gold Selection, Eduscho Family instant kávé",2026.04.23 - 04.29,100 g (20.990 Ft/1 kg),2099,1699,True,Supershop kártyával,Kávé,97,2,142c0ca033c77878e888ed8e81a1e3b00a05dd40fd7e8930b6e17e9d797079f7
SPAR,Cafe Frei őrölt kávé,2026.04.23 - 04.29,200 g (9.995 Ft/1 kg),1999,1799,True,Supershop kártyával,Kávé,97,2,6bc04efeac656e7941b84b48880c07e3d11cf047abf61ce0b997b6f7d8fc8d13
SPAR,Tchibo Cafissimo kávékapszula,2026.04.23 - 04.29,"30 db/doboz 1 doboz (173,30 Ft/1 db)",5199,4399,True,Supershop kártyával,Kávé,97,2,9294a1ad56c79ef2c84cdca129ab823571e8afd20af20d5af58322cce1a00464
Tesco,Nescafé instant kávéspecialitás,2026.04.23 - 04.29,"többféle, 24x16,5 g/cs | 5553 Ft/1 kg | Clubcarddal: 4795 Ft/1 kg",2199,1899,True,Clubcarddal,Kávé,97,2,078882467cf9312331c2fddfed4eacd9aa951c54c52aef2765005be0ab601487
SPAR,Hell Ice Coffee,2026.04.23 - 04.29,250 ml (1.196 Ft/1 l),399,299,False,,Kávé,97,2,b4ae2dfe5234ebd608e16fe591c3c344ca5c271e6dd3c63dae5b930249da7302
SPAR,Maci gyerekkávé,2026.04.23 - 04.29,250 g (3.796 Ft/1 kg),1199,949,False,,Kávé,97,2,e9ffac0a9135b7ffbb00e9fc8ace1696f13e488a54da9b272a46813884a426cf
Auchan,Jacobs JACOBS NESPRESSO KOMPATIBILIS KÁVÉKAPSZULA,2026.04.23 - 04.29,"Ft/doboz, többféle, 10 db, 130 Ft/db, 117 Ft/db",1299,1169,False,,Kávé,97,2,c4b5c199a2fb5d90d54fbab7663c29208f3591150362bf5f81dd12a5f0692d68
SPAR,DESPAR kávékapszula,2026.04.23 - 04.29,"többféle; 16 db/doboz 1 doboz (93,69 Ft/1 db) A kávékapszula a Dolce Gusto® kávéfőző gépekkel kompatibilis!",1699,1499,False,,Kávé,97,2,03950b7ad8e982568ce43d2769213fa5bfae72cb998325d5c0ca735f643d5c8d
Lidl,BELLAROM Szemes kávé,2026.04.23 - 04.29,Caffé crema & aroma | 1 kg,4999,4199,False,,Kávé,97,2,f3c8fa82c0772b0932b982b466c7f3be9be5f32f4559c90faa85795bd4a29325
SPAR,"Tchibo Espresso Sicilia szemes, pörkölt kávé",2026.04.23 - 04.29,500 g (8.998 Ft/1 kg),5399,4499,False,,Kávé,97,2,e9ed6f3f8b2a96b241c7bb94d3441b0902158b9b243a7abc10b15bcd5cb20596
Auchan,Jacobs JACOBS SZEMES KÁVÉ,2026.04.23 - 04.29,1 kg,8999,7999,False,,Kávé,97,2,e64eb2ea8ced3b3a696e77cde3cf834f3bdf95d592919f4388db2b22e6455681
Auchan,Alpro ALPRO MATCHA VAGY BARISTA ÍZESÍTETT NÖVÉNYI ITAL,2026.04.23 - 04.29,"többféle, 1 l",1329,999,False,,Növényi ital,98,2,ceeb7c219f404f202f65229e27e04fcc102c06dc5ec8482b9563549747ee3488
SPAR,Alpro cukormentes mandulaital,2026.04.23 - 04.29,"4×1 l (799,75 Ft/1 l)",4299,3199,False,,Növényi ital,98,2,ca6600fd386c8987c796fc0c5e529f737f5c3d0b3e92e85fe5bf6930d08f0a70
Tesco,Naturaqua ásványvíz,2026.04.23 - 04.29,"többféle, 1,5 l, 159 Ft/1 db, 106 Ft/1 l, Clubcarddal: 795 Ft/6 db, 88 Ft/1 l, + visszaváltási díj: 50 Ft/db",159,132,True,Clubcarddal,Ásványvíz,225,2,2eca247f4d8c50bbf98e2c19562e266f68b8e22b1c156e19eb949d1653bd3739
Auchan,Aqualife AQUALIFE ÍZESÍTETT ZERO SZÉNSAVAS ÁSVÁNYVÍZ,2026.04.23 - 04.29,"többféle, 1,5 l, 153 Ft/l + visszaváltási díj 50 Ft Bizalomkártyával: 119 Ft/l",229,179,True,Bizalomkártyával,Ásványvíz,225,2,9fc727fd9f9069494fa952a59a6e1f432d4360e32f0d5489007e43e6cbdda20e
SPAR,Szentkirályi babavíz,2026.04.23 - 04.29,1 l (+visszaváltási díj: 50 Ft),249,219,True,Supershop kártyával,Ásványvíz,225,2,40407050c3d1aa5083b96e521cfef3e10725c6765f7a5b0eafa1220c8ab27118
Auchan,Pannon Aqua PANNON AQUA ÁSVÁNYVÍZ,2026.04.23 - 04.29,"szénsavmentes vagy szénsavas, 1,5 l | + visszaváltási díj 50 Ft | 1 db: 139 Ft, 93 Ft/l | 6 db: 474 Ft, 53 Ft/l",139,79,False,,Ásványvíz,225,2,41100e391c8c9eb79159629655fb785ba38fc0f8ed77b4695975de6cc9f14a25
SPAR,Jana Baby ásványvíz,2026.04.23 - 04.29,1 l (+visszaváltási díj: 50 Ft),349,249,False,,Ásványvíz,225,2,b840a70b19cf7ba19e1e3e91f2cd8ef4068d9b94b8ea76382ebc84943f4bc448
SPAR,Jana ízesített víz,2026.04.23 - 04.29,"1,5 l (292,67 Ft/1 l) 6 db esetén: (266 Ft/1 l) (+visszaváltási díj: 50 Ft)",599,439,False,,Ásványvíz,225,2,cea9ca2cd697d79a6ef9fbc50d41adca698fc0b747c466c0f6c82219fc379019
Tesco,Hilltop Kamocsay bor,2026.04.23 - 04.29,"többféle, 0,75 l 3465 Ft/1 l Clubcarddal: 2665 Ft/1 l + visszaváltási díj: 50 Ft/db",2599,1999,True,Clubcarddal,Bor,23,2,c4e9759870960e3719c1750aa0a655b964543e15a58d0f47e858505281bac564
Tesco,Pannonhalmi Főapátság Tricollis Rosé,2026.04.23 - 04.29,"0,75 l 4692 Ft/1 l Clubcarddal: 3599 Ft/1 l + visszaváltási díj: 50 Ft/db",3519,2699,True,Clubcarddal,Bor,23,2,bb4480252f0d5b191318facddd25227dbdce2ce59a7dbf93c419b769cd2318f4
Tesco,Dúzsi Szekszárdi Rozé Cuvée,2026.04.23 - 04.29,"0,75 l, 2665 Ft/1 l, Clubcarddal: 2265 Ft/1 l, + visszaváltási díj: 50 Ft/db",1999,1699,True,Clubcarddal,Bor,23,2,b16bc1a78d235d122abbdce9cc7a14885b1a489e15f642e8c0f57f49331dbbb2
Tesco,Tokajicum Sárgamuskotály,2026.04.23 - 04.29,"0,5 l, 4398 Ft/1 l, Clubcarddal: 3398 Ft/1 l, + visszaváltási díj: 50 Ft/db",2199,1699,True,Clubcarddal,Bor,23,2,84c67e23882fb981cfcbea9b636f43dc31a6a944a34660dd2156107eb51c28bb
Tesco,Tesco finest Viña del Cura Rioja Reserva,2026.04.23 - 04.29,"0,75 l, 4665 Ft/1 l, Clubcarddal: 3732 Ft/1 l, + visszaváltási díj: 50 Ft/db",3499,2799,True,Clubcarddal,Bor,23,2,6971a57fff26923a677165d482c34005d328d32b1914547c1ace875f5699b2fc
Auchan,Sauska SAUSKA ROSÉ,2026.04.23 - 04.29,"0,75 l, 3999 Ft/l + visszaváltási díj 50 Ft Bizalomkártyával: 3052 Ft/l",2999,2289,True,Bizalomkártyával,Bor,23,2,e013faf23266d79bb1c73f32badcad1cf0d16f78dd500564f6011eeec6e54d8a
Tesco,Ostoros Birtok bor,2026.04.23 - 04.29,"többféle, 0,75 l | 1865 Ft/1 l | Clubcarddal: 1532 Ft/1 l | + visszaváltási díj: 50 Ft/db",1399,1149,True,Clubcarddal,Bor,23,2,7bbd394e49d15c9d43a7bcd8fa751cfc9e663538f6d1fdf00f0fca50a7b3dc27
Lidl,Balatoni Rosé,2026.04.23 - 04.29,"Csábítóan zamatos illatában megjelenik a cseresznye és a meggy, légies parfümösség mellett. Ízében ribizlire és kajszibarackra emlékeztető jegyekkel, vibráló savakkal. 1 db vásárlása esetén: 949 Ft/db, 1 l = 1266 Ft; Legalább 2 db vásárlása esetén, minden második termék ára: 379 Ft/db, 1 l = 506 Ft +50 Ft betétdíj 0,75 l",949,379,True,Lidl Plus alkalmazással,Bor,23,2,dd942a2cd76aa432bd5511050d9b5d24d7ff409f46f2b05bbf07cc97be02768e
SPAR,"Thummerer Egri Bikavér Classicus száraz vörösbor, Tréfli Cuvée édes vörösbor",2026.04.23 - 04.29,"0,75 l (4.932 Ft/1 l) (+visszaváltási díj: 50 Ft)",3699,2699,True,Supershop kártyával,Bor,23,2,8c810bfbc828e7190ec8c715ef6a9cdc5228b440bb9189612a5791d1d06bfb5e
ALDI,VILLÁNY PORTUGIESER,2026.04.27 - 04.29,"száraz vörösbor | 0,75 l/üveg | 1158,67 Ft/l | 739952 | + visszaváltási díj: 50 Ft | SZÁRAZ | 16 - 18 °C | LIBA- ÉS KACSA- SÜLTEK MELLÉ",1069,869,False,,Bor,23,2,330854e771b1a03f480215a8dc1e3269fd52d22a06e6d282fbde2e8ea0d3a675
SPAR,BB Rosé Cuvée,2026.04.09 - 04.29,"félédes rosébor 0,75 l (1.598,67 Ft/1 l) (+visszaváltási díj: 50 Ft) Könnyed, játékos, simogatóan gyümölcsös, félédes Rosé Cuvée epres és cseresznyés jegyekkel.",1569,1199,False,,Bor,23,2,596a3112815acb4a36a81b2241bc0842042403719cb8c0f9ee8d14e118e65f5b
SPAR,Koch Oli Irsai Olivér,2026.04.09 - 04.29,"száraz fehérbor 0,75 l (1.665,33 Ft/1 l) (+visszaváltási díj: 50 Ft) Friss, lendületes, magával ragadó, gyümölcsös-parfümös Irsai Olivér kellemes, bizsergető lecsengéssel.",1499,1249,False,,Bor,23,2,8e87318e579d697c6335b9deb5454e276dc5243a8fb2cb7d976b62aa3be88d1b
SPAR,Soltész Rozé Cuvée,2026.04.09 - 04.29,"száraz rozébor 0,75 l (1.732 Ft/1 l) (+visszaváltási díj: 50 Ft) Zamatos, friss, kifejezetten gyümölcsös, érett cseresznyés-málnás ízvilágú, könnyed, lendületes rozé.",1599,1299,False,,Bor,23,2,712d2776ca2a0955d2946d1cf19d45b570a8e6f48c69722119adca9d903e3f21
SPAR,Kamocsay Prémium Chardonnay,2026.04.09 - 04.29,"száraz fehérbor 0,75 l (2.532 Ft/1 l) (+visszaváltási díj: 50 Ft) Gazdagabb ízvilágú, krémes és finoman tüzes Chardonnay barackos, érett mangós izjegyekkel.",2599,1899,False,,Bor,23,2,71c58e7ad2277f2c32bf9d646699526ac257b0ae1ecaf86c654489b34fed3684
SPAR,Takler Kékfrankos,2026.04.09 - 04.29,"száraz vörösbor 0,75 l (2.665,33 Ft/1 l) (+visszaváltási díj: 50 Ft) Elegáns, gyümölcsös Kékfrankos zamatos meggyes, szilvás jegyekkel és egy kis fehér borssal.",2599,1999,False,,Bor,23,2,f8994bed57d453460a13cd9d7e6a36347d4c2795ac66e27dc885c0290c039db5
SPAR,Vylyan Ördög,2026.04.09 - 04.29,"száraz vörösbor 0,75 l (2.665,33 Ft/1 l) (+visszaváltási díj: 50 Ft) Zamatos, lendületes erdei bogyós és meggyes gyümölcsösség jellemzi a bort egy kis fűszerességgel.",2599,1999,False,,Bor,23,2,cfc1b0ba1870e0d24513931f44897a1fe3d118a19db05193923af1e0ffa153ce
SPAR,Laposa Olaszrizling,2026.04.09 - 04.29,"száraz fehérbor 0,75 l (3.332 Ft/1 l) (+visszaváltási díj: 50 Ft) Frissítő Olaszrizling grapefruittal, lime-mal, izgalmas fűszerességgel és finom keserűmandulás lecsengéssel.",3499,2499,False,,Bor,23,2,403a1c2b83a07fcb26a16b6c6024330a8466bbf355fa2933356bc093eba8726e
Tesco,Coors üveges világos sör,2026.04.23 - 04.29,"330 ml, 1330 Ft/1 l, Clubcarddal: 1209 Ft/1 l, + visszaváltási díj: 50 Ft/db",439,399,True,Clubcarddal,Sör,24,2,87964ea3654eba8ee7401006dfc13b57db64fed5117dfcc361cea999aaf52d44
Tesco,Budvar Dark Lager cseh dobozos barna sör,2026.04.23 - 04.29,"0,5 l, 958 Ft/1 l, Clubcarddal: 838 Ft/1 l, + visszaváltási díj: 50 Ft/db",479,419,True,Clubcarddal,Sör,24,2,91222abd6b8b7b35ed41c50e97b5ffa4804afb1e1db320e750bd69b3d981f087
Tesco,Soproni dobozos multipack,2026.04.23 - 04.29,"6x0,5 l/cs, 750 Ft/1 l, Clubcarddal: 666 Ft/1 l, + visszaváltási díj: 50 Ft/db",2249,1999,True,Clubcarddal,Sör,24,2,4d73ff823014c1ed18af390a0687b41771c949cfc50cb1480b55d696ae22a411
Tesco,Pilsner Urquell dobozos világos sör multipack,2026.04.23 - 04.29,"6x0,5 l/cs, 1000 Ft/1 l, Clubcarddal: 900 Ft/1 l, + visszaváltási díj: 50 Ft/db",2999,2699,True,Clubcarddal,Sör,24,2,d91c9fd2e8e8f9077073f3f00a81fc08103d3c782e8ad8ac6546abc5ee22cbcb
Auchan,Soproni SOPRONI DOBOZOS SÖRSPECIALITÁS,2026.04.23 - 04.29,"Ft/db, többféle, 0,5 l, 958 Ft/l + visszaváltási díj 50 Ft Bizalomkártyával: 838 Ft/l",479,419,True,Bizalomkártyával,Sör,24,2,af020404752c2ec4ddbf97ad52079146b10e1d2160c2dd042b33f71ab65627fc
Lidl,GÖSSER Világos sör,2026.04.23 - 04.29,"Alkoholtartalom: 5% | +50 Ft betétdíj | 0,5 l; 1 l = 718 Ft | 3348",429,359,True,Lidl Plus alkalmazással,Sör,24,2,f3d65acb377dc40cd7bc618524301341c1e0d3a374d8c7a7d72e7653964b60cf
Tesco,Arany Fácán dobozos sör,2026.04.23 - 04.29,"0,5 l | 798 Ft/1 l | Clubcarddal: 518 Ft/1 l | + visszaváltási díj: 50 Ft/db",399,259,True,Clubcarddal,Sör,24,2,18fc43ea32cd101bcfdf2e8102b10df80028fc71623e3da62aa098c6c2fd0b5c
Tesco,Kőbányai dobozos világos sör,2026.04.23 - 04.29,"0,5 l | 758 Ft/1 l | Clubcarddal: 658 Ft/1 l | + visszaváltási díj: 50 Ft/db",379,329,True,Clubcarddal,Sör,24,2,56991382f0fe9b14b60acc8893c6f32c1e9145e8f95bb63b5c6a1eacde48b87b
Tesco,Heineken dobozos sör,2026.04.23 - 04.29,"többféle, 0,5 l | 938 Ft/1 l | Clubcarddal: 778 Ft/1 l | + visszaváltási díj: 50 Ft/db",469,389,True,Clubcarddal,Sör,24,2,21fef65504239966d1e16f73e7bfb6c1cf919b171d287cab3133f3be200023b7
SPAR,Staropramen sörpack,2026.04.23 - 04.29,"dobozos 4×0,5 l (869,50 Ft/1 l; 435 Ft/1 db) (+visszaváltási díj: 200 Ft)",1739,1399,True,Supershop kártyával,Sör,24,2,749a5bdd821c6537b8e2e6ec44868ec21227736e5c4e4f9f265b3735cc5ca006
SPAR,Arany Ászok sörpack,2026.04.23 - 04.29,"dobozos 6×0,5 l (716,33 Ft/1 l; 359 Ft/1 db) (+visszaváltási díj: 300 Ft)",2149,1799,True,Supershop kártyával,Sör,24,2,0759adc9bb11a2445e4f1a44a34124b355b8ff9b825e6bf6968edc331fb42dd9
Lidl,PERLENBACHER Világos sör,2026.04.23 - 04.29,"Alkoholtartalom: 4,9% | +50 Ft betétdíj | 0,5 l; 1 l = 398 Ft | 2936",249,199,False,,Sör,24,2,abb673f0a4399f2b0e3dd247b56a87211cdaf728dac006a532400186373c6f5e
SPAR,Sol mexikói világos sör,2026.04.23 - 04.29,"üveges 0,33 l (754,55 Ft/1 l) (+visszaváltási díj: 50 Ft)",499,249,False,,Sör,24,2,1db81b06bdebd11061cfe8702f7b9505b8891f6244df6faa9822c57dc87fe363
ALDI,KŐBÁNYAI VILÁGOS SÖR,2026.04.27 - 04.29,"4,3 % alkoholtartalom 0,5 l/doboz 658 Ft/l",379,329,False,,Sör,24,2,01057df8219381955057e2fd9224c7de336be9e30bace9dd0a7fb49dd8bfa3f3
Auchan,"Pécsi PÉCSI PRÉMIUM LAGER BIO, GLUTÉNMENTES DOBOZOS SÖR",2026.04.23 - 04.29,"5%, 0,5 l, 738 Ft/l, + visszaváltási díj 50 Ft",509,369,False,,Sör,24,2,ed19cc322d09bff98ea575e0193a9c91e661aaa858bdbd154ca818cc5403ce06
Lidl,ESTRELLA Világos sör,2026.04.27 - 04.29,"Alkoholtartalom: 4,6% +50 Ft betétdíj 0,5 l; 1 l = 898 Ft",599,449,False,,Sör,24,2,d4c84cf78e353675df88cad01c9c7323b231fb6ec85691d016d5bfcb1029a40c
Lidl,CORONA Extra / cero,2026.04.23 - 04.29,"Alkoholtartalom: 4,5% / 0% | +50 Ft betétdíj | 0,355 / 0,33 l; 1 l = 1688 / 1816 Ft | 3820 / 6417874",699,599,False,,Sör,24,2,4ae4ed4fbc2accf21b11a2ce25da42293f23d8f203661e85bae910062c25d359
SPAR,Becks sörpack,2026.04.23 - 04.29,"dobozos 4×0,5 l (749,50 Ft/1 l) (+visszaváltási díj: 200 Ft)",1699,1499,False,,Sör,24,2,f90aabbac9384ad462a33241db779f4568c246a262e088021a2dedcddb5f99dc
Tesco,Monkey Shoulder whisky,2026.04.23 - 04.29,"0,7 l, 18843 Ft/1 l Clubcarddal: 15129 Ft/1 l + visszaváltási díj: 50 Ft/db",13190,10590,True,Clubcarddal,Tömény,146,2,a6599605a8131a4c4f673277d67d4c8dd2af6808fb690650b7c5655661aaedb6
Auchan,Grants GRANTS SKÓT WHISKY,2026.04.23 - 04.29,"1 l, 9999 Ft/l + visszaváltási díj 50 Ft | Bizalomkártyával: 7999 Ft/l",9999,7999,True,Bizalomkártyával,Tömény,146,2,ce977224a14d178991d2a8db2ef2b384b54ab22f5070533918339d069940c14c
Tesco,Johnnie Walker Red Label whisky,2026.04.23 - 04.29,"0,5 l, 13498 Ft/1 l, Clubcarddal: 11598 Ft/1 l, + visszaváltási díj: 50 Ft/db",6749,5799,True,Clubcarddal,Tömény,146,2,a94fc0d37001d6da5364a8106fe55758c07f0cf5979b7af3af44cfb0f4692302
Tesco,St. Hubertus gyógynövénylikőr,2026.04.23 - 04.29,"többféle, 0,5 l, 8998 Ft/1 l, Clubcarddal: 7398 Ft/1 l, + visszaváltási díj: 50 Ft/db",4499,3699,True,Clubcarddal,Tömény,146,2,b898d2eb43ddf1c29e191b1bfe8e93502040acc9cc977aff412ed720d7823116
Tesco,"Zwack Unicum, Unicum Szilva vagy Unicum Barista keserűlikőr",2026.04.23 - 04.29,1 l,11399,8599,True,Clubcarddal,Tömény,146,2,518bd9dda22c2aff75eb24fa1b748808c8488e90af93d981e1386a40bacea59c
Tesco,Sierra tequila,2026.04.23 - 04.29,"többféle, 0,7 l, 12843 Ft/1 l, Clubcarddal: 10843 Ft/1 l, + visszaváltási díj: 50 Ft/db",8990,7590,True,Clubcarddal,Tömény,146,2,56f9bb933797ffb4a385854991924860040a48c4fef0163d7a0f6548377319a4
Auchan,Angelli ANGELLI KRÉMLIKŐR,2026.04.23 - 04.29,"többféle, 0,5 l, 8478 Ft/l + visszaváltási díj 50 Ft Bizalomkártyával: 5798 Ft/l",4239,2899,True,Bizalomkártyával,Tömény,146,2,db6e36da12631250b394c25a3820f9be74d930469bd4d54cd1584621d413c6bc
Auchan,Finlandia FINLANDIA VODKA,2026.04.23 - 04.29,"0,5 l, 10 198 Ft/l + visszaváltási díj 50 Ft Bizalomkártyával: 7998 Ft/l",5099,3999,True,Bizalomkártyával,Tömény,146,2,16f049360202a64aa55149e5af87a493d0b5a9f4a0e3997c4b088b94f1ca5a40
Tesco,Kalinka vodka,2026.04.23 - 04.29,"0,7 l | 7570 Ft/1 l | Clubcarddal: 6427 Ft/1 l | + visszaváltási díj: 50 Ft/db",5299,4499,True,Clubcarddal,Tömény,146,2,afc1c4054aa89d3d40a4b82c934d64ba5fa19560c5de02e3e881e473835133b8
Tesco,Jägermeister gyógynövénylikőr,2026.04.23 - 04.29,"többféle, 0,5 l | 12198 Ft/1 l | Clubcarddal: 10380 Ft/1 l | + visszaváltási díj: 50 Ft/db",6099,5190,True,Clubcarddal,Tömény,146,2,a25937b0633bdb125ae49118efd34b5958d39aa208e25d0aa98f546b5d871526
SPAR,Johnnie Walker Red Label whisky,2026.04.23 - 04.29,"0,7 l (12.141,43 Ft/1 l) (+visszaváltási díj: 50 Ft)",8499,7199,True,Supershop kártyával,Tömény,146,2,df073b1d86f57bcce9a7e423ecc3bc9240083c937358f43bfdf38c4189234c67
ALDI,BLACKSTONE KRÉMLIKŐR,2026.04.27 - 04.29,"17 % alkoholtartalom, | tejszínes | 0,7 l/üveg | 2 712,86 Ft/l | 829705",2819,1899,False,,Tömény,146,2,78e5b4decd99bd9449ed147ec85cd4d51e975cfe61f23bfad5592486ac8ca81f
ALDI,MANDALEY LONDON DRY GIN,2026.04.27 - 04.29,"40 % alkoholtartalom 0,7 l/üveg 5 712,86 Ft/l",6099,3999,False,,Tömény,146,2,a5fbcc8095b741f7c5091ca65d29a9c6a8a864f7c7f86dc21dc324e1ac646ac5
SPAR,Metaxa 5*,2026.04.09 - 04.29,"szeszes ital 0,7 l (8.570 Ft/1 l) (+visszaváltási díj: 50 Ft)",7949,5999,False,,Tömény,146,2,22a437677a307f841ca804baf2a65b35cdc52def1ecfe91cfe40f7e5552d73ff
SPAR,"Kalumba White, maracuja gin",2026.04.09 - 04.29,"0,7 l (9.427,14 Ft/1 l) (+visszaváltási díj: 50 Ft)",8249,6599,False,,Tömény,146,2,e67f5000100a6383f7c6ec5efdd2c87373a538e549a83764af7fe88c4b5b3c4b
SPAR,"Tullamore whiskey, Café Honey whiskey",2026.04.09 - 04.29,"0,7 l (11.427,14 Ft/1 l) (+visszaváltási díj: 50 Ft)",8799,7999,False,,Tömény,146,2,c7fcc982fa85479c338f95cd225c70ec18c580bd177b07a8cd5d91a330c2d4b5
SPAR,"Olmeca Gold, Silver tequila",2026.04.09 - 04.29,"0,7 l (13.570 Ft/1 l) (+visszaváltási díj: 50 Ft)",12199,9499,False,,Tömény,146,2,24d6ef6fafb3b583c0c5aa8c59b082098c402acdcec3fcf4d02b134be889ec0e
Tesco,Somersby dobozos cider,2026.04.23 - 04.29,"többféle, 0,5 l, 1138 Ft/1 l, Clubcarddal: 1058 Ft/1 l, + visszaváltási díj: 50 Ft/db",569,529,True,Clubcarddal,Cider,170,2,55c154948e7d99e8085bc5dfa9cec106cc890ea4260f9ad0712812cf212463b8
Tesco,Sauska Brut Méthode Traditionelle pezsgő,2026.04.23 - 04.29,"0,75 l 9587 Ft/1 l Clubcarddal: 8532 Ft/1 l + visszaváltási díj: 50 Ft/db",7190,6399,True,Clubcarddal,Egyéb alkoholos ital,255,2,2b7f9cab4e2cf67c22b5bc01df738badb2b9a60101c812f9d8ed013d4e97f2d2
Tesco,Törley pezsgő,2026.04.23 - 04.29,"többféle, 0,75 l | 2665 Ft/1 l | Clubcarddal: 2132 Ft/1 l | + visszaváltási díj: 50 Ft/db",1999,1599,True,Clubcarddal,Egyéb alkoholos ital,255,2,89efe573385a3baa06133b0ddd204186d8370e84ed539ed4a67aeb890fbd3254
SPAR,Natara,2026.04.09 - 04.29,"száraz pezsgő 0,75 l (1.865,33 Ft/1 l) (+visszaváltási díj: 50 Ft) Körtés-barackos ízvilágú pezsgő egy csipetnyi virágossággal és lendületes, üde buborékokkal.",1799,1399,False,,Egyéb alkoholos ital,255,2,a7f51cf865379c2d7f01602ed1c6ea8997743ab946cf3b66142839cecfb2359f
